user_id,house_id,watchlist_clicked
1,1000,1
1,1001,0
1,1002,0
1,1003,0
1,1004,1
1,1005,0
1,1006,1
1,1007,0
1,1008,0
1,1009,0
1,1010,0
1,1011,0
1,1012,0
1,1013,1
1,1014,1
1,1015,1
1,1016,1
1,1017,0
1,1018,0
1,1019,1
1,1020,0
1,1021,1
1,1022,1
1,1023,1
1,1024,0
1,1025,0
1,1026,1
1,1027,0
1,1028,0
1,1029,0
1,1030,0
1,1031,1
1,1032,0
1,1033,0
1,1034,0
1,1035,0
1,1036,1
1,1037,0
1,1038,0
1,1039,0
1,1040,1
1,1041,0
1,1042,1
1,1043,0
1,1044,1
1,1045,0
1,1046,1
1,1047,0
1,1048,0
1,1049,0
1,1050,0
1,1051,0
1,1052,0
1,1053,0
1,1054,0
1,1055,0
1,1056,0
1,1057,0
1,1058,0
1,1059,0
1,1060,1
1,1061,1
1,1062,0
1,1063,1
1,1064,1
1,1065,0
1,1066,1
1,1067,0
1,1068,1
1,1069,0
1,1070,0
1,1071,0
1,1072,1
1,1073,1
1,1074,0
1,1075,0
1,1076,0
1,1077,0
1,1078,0
1,1079,1
1,1080,0
1,1081,0
1,1082,1
1,1083,1
1,1084,0
1,1085,1
1,1086,0
1,1087,0
1,1088,0
1,1089,0
1,1090,1
1,1091,0
1,1092,0
1,1093,0
1,1094,0
1,1095,0
1,1096,1
1,1097,0
1,1098,0
1,1099,0
1,1100,0
1,1101,0
1,1102,0
1,1103,0
1,1104,0
1,1105,0
1,1106,0
1,1107,0
1,1108,1
1,1109,1
1,1110,1
1,1111,1
1,1112,0
1,1113,0
1,1114,0
1,1115,0
1,1116,0
1,1117,1
1,1118,0
1,1119,0
1,1120,0
1,1121,0
1,1122,0
1,1123,0
1,1124,0
1,1125,0
1,1126,0
1,1127,0
1,1128,1
1,1129,0
1,1130,0
1,1131,1
1,1132,0
1,1133,0
1,1134,0
1,1135,0
1,1136,0
1,1137,0
1,1138,1
1,1139,1
1,1140,0
1,1141,1
1,1142,0
1,1143,1
1,1144,0
1,1145,1
1,1146,0
1,1147,0
1,1148,0
1,1149,1
1,1150,0
1,1151,1
1,1152,1
1,1153,0
1,1154,0
1,1155,1
1,1156,0
1,1157,0
1,1158,1
1,1159,0
1,1160,1
1,1161,0
1,1162,0
1,1163,0
1,1164,0
1,1165,0
1,1166,1
1,1167,1
1,1168,1
1,1169,0
1,1170,0
1,1171,1
1,1172,0
1,1173,1
1,1174,0
1,1175,0
1,1176,0
1,1177,1
1,1178,0
1,1179,1
1,1180,0
1,1181,0
1,1182,0
1,1183,0
1,1184,0
1,1185,0
1,1186,0
1,1187,0
1,1188,0
1,1189,1
1,1190,0
1,1191,0
1,1192,0
1,1193,0
1,1194,0
1,1195,0
1,1196,0
1,1197,1
1,1198,0
1,1199,0
2,1000,0
2,1001,0
2,1002,0
2,1003,0
2,1004,0
2,1005,0
2,1006,0
2,1007,0
2,1008,0
2,1009,1
2,1010,0
2,1011,0
2,1012,0
2,1013,0
2,1014,0
2,1015,0
2,1016,0
2,1017,0
2,1018,0
2,1019,0
2,1020,0
2,1021,0
2,1022,0
2,1023,0
2,1024,0
2,1025,1
2,1026,0
2,1027,0
2,1028,0
2,1029,0
2,1030,0
2,1031,0
2,1032,0
2,1033,0
2,1034,0
2,1035,0
2,1036,0
2,1037,1
2,1038,1
2,1039,0
2,1040,0
2,1041,0
2,1042,0
2,1043,0
2,1044,0
2,1045,0
2,1046,0
2,1047,0
2,1048,0
2,1049,0
2,1050,0
2,1051,0
2,1052,0
2,1053,0
2,1054,0
2,1055,0
2,1056,0
2,1057,0
2,1058,0
2,1059,0
2,1060,0
2,1061,0
2,1062,0
2,1063,0
2,1064,0
2,1065,0
2,1066,0
2,1067,0
2,1068,0
2,1069,0
2,1070,0
2,1071,0
2,1072,0
2,1073,0
2,1074,0
2,1075,1
2,1076,1
2,1077,1
2,1078,0
2,1079,0
2,1080,0
2,1081,0
2,1082,0
2,1083,0
2,1084,0
2,1085,0
2,1086,0
2,1087,1
2,1088,0
2,1089,0
2,1090,0
2,1091,1
2,1092,0
2,1093,0
2,1094,0
2,1095,0
2,1096,0
2,1097,0
2,1098,0
2,1099,0
2,1100,0
2,1101,1
2,1102,0
2,1103,0
2,1104,0
2,1105,0
2,1106,0
2,1107,0
2,1108,0
2,1109,0
2,1110,0
2,1111,0
2,1112,0
2,1113,0
2,1114,0
2,1115,0
2,1116,0
2,1117,0
2,1118,0
2,1119,0
2,1120,0
2,1121,0
2,1122,0
2,1123,0
2,1124,0
2,1125,0
2,1126,0
2,1127,0
2,1128,0
2,1129,0
2,1130,0
2,1131,0
2,1132,0
2,1133,0
2,1134,0
2,1135,0
2,1136,0
2,1137,0
2,1138,0
2,1139,0
2,1140,0
2,1141,0
2,1142,0
2,1143,0
2,1144,0
2,1145,0
2,1146,1
2,1147,0
2,1148,0
2,1149,0
2,1150,0
2,1151,0
2,1152,0
2,1153,1
2,1154,1
2,1155,0
2,1156,0
2,1157,1
2,1158,0
2,1159,0
2,1160,0
2,1161,0
2,1162,1
2,1163,0
2,1164,0
2,1165,0
2,1166,0
2,1167,0
2,1168,0
2,1169,0
2,1170,0
2,1171,0
2,1172,0
2,1173,0
2,1174,0
2,1175,0
2,1176,1
2,1177,0
2,1178,0
2,1179,0
2,1180,0
2,1181,0
2,1182,0
2,1183,0
2,1184,0
2,1185,0
2,1186,0
2,1187,0
2,1188,0
2,1189,0
2,1190,0
2,1191,0
2,1192,0
2,1193,1
2,1194,0
2,1195,0
2,1196,0
2,1197,0
2,1198,0
2,1199,1
3,1000,0
3,1001,0
3,1002,1
3,1003,0
3,1004,0
3,1005,0
3,1006,0
3,1007,0
3,1008,1
3,1009,1
3,1010,0
3,1011,0
3,1012,0
3,1013,0
3,1014,0
3,1015,0
3,1016,0
3,1017,0
3,1018,0
3,1019,0
3,1020,0
3,1021,0
3,1022,0
3,1023,0
3,1024,0
3,1025,1
3,1026,0
3,1027,0
3,1028,0
3,1029,0
3,1030,1
3,1031,0
3,1032,0
3,1033,0
3,1034,0
3,1035,0
3,1036,0
3,1037,0
3,1038,0
3,1039,0
3,1040,0
3,1041,0
3,1042,0
3,1043,0
3,1044,0
3,1045,1
3,1046,0
3,1047,0
3,1048,0
3,1049,0
3,1050,0
3,1051,0
3,1052,0
3,1053,0
3,1054,0
3,1055,0
3,1056,0
3,1057,0
3,1058,0
3,1059,0
3,1060,0
3,1061,0
3,1062,0
3,1063,0
3,1064,0
3,1065,0
3,1066,0
3,1067,1
3,1068,0
3,1069,0
3,1070,0
3,1071,0
3,1072,0
3,1073,0
3,1074,1
3,1075,1
3,1076,1
3,1077,0
3,1078,0
3,1079,0
3,1080,0
3,1081,1
3,1082,0
3,1083,0
3,1084,0
3,1085,0
3,1086,1
3,1087,1
3,1088,0
3,1089,0
3,1090,0
3,1091,1
3,1092,0
3,1093,0
3,1094,1
3,1095,1
3,1096,0
3,1097,0
3,1098,0
3,1099,0
3,1100,0
3,1101,0
3,1102,0
3,1103,0
3,1104,0
3,1105,0
3,1106,0
3,1107,1
3,1108,0
3,1109,0
3,1110,0
3,1111,0
3,1112,0
3,1113,0
3,1114,1
3,1115,0
3,1116,0
3,1117,0
3,1118,0
3,1119,0
3,1120,0
3,1121,0
3,1122,0
3,1123,0
3,1124,0
3,1125,0
3,1126,0
3,1127,0
3,1128,0
3,1129,0
3,1130,0
3,1131,0
3,1132,0
3,1133,0
3,1134,0
3,1135,0
3,1136,0
3,1137,1
3,1138,0
3,1139,0
3,1140,0
3,1141,0
3,1142,0
3,1143,0
3,1144,0
3,1145,0
3,1146,1
3,1147,0
3,1148,0
3,1149,0
3,1150,0
3,1151,1
3,1152,0
3,1153,0
3,1154,0
3,1155,0
3,1156,0
3,1157,0
3,1158,0
3,1159,1
3,1160,0
3,1161,1
3,1162,1
3,1163,0
3,1164,0
3,1165,0
3,1166,1
3,1167,0
3,1168,0
3,1169,0
3,1170,1
3,1171,0
3,1172,0
3,1173,0
3,1174,1
3,1175,0
3,1176,1
3,1177,0
3,1178,0
3,1179,0
3,1180,0
3,1181,0
3,1182,0
3,1183,0
3,1184,0
3,1185,1
3,1186,0
3,1187,0
3,1188,0
3,1189,0
3,1190,0
3,1191,0
3,1192,0
3,1193,1
3,1194,0
3,1195,0
3,1196,1
3,1197,0
3,1198,0
3,1199,1
4,1000,0
4,1001,0
4,1002,0
4,1003,0
4,1004,0
4,1005,0
4,1006,0
4,1007,1
4,1008,0
4,1009,0
4,1010,0
4,1011,0
4,1012,0
4,1013,0
4,1014,0
4,1015,0
4,1016,0
4,1017,0
4,1018,0
4,1019,0
4,1020,0
4,1021,0
4,1022,0
4,1023,0
4,1024,0
4,1025,0
4,1026,0
4,1027,0
4,1028,0
4,1029,0
4,1030,0
4,1031,0
4,1032,0
4,1033,0
4,1034,0
4,1035,0
4,1036,1
4,1037,0
4,1038,0
4,1039,0
4,1040,0
4,1041,0
4,1042,0
4,1043,1
4,1044,0
4,1045,0
4,1046,0
4,1047,0
4,1048,0
4,1049,0
4,1050,0
4,1051,0
4,1052,0
4,1053,1
4,1054,0
4,1055,0
4,1056,0
4,1057,0
4,1058,0
4,1059,0
4,1060,0
4,1061,0
4,1062,1
4,1063,0
4,1064,0
4,1065,0
4,1066,0
4,1067,1
4,1068,0
4,1069,1
4,1070,0
4,1071,0
4,1072,0
4,1073,0
4,1074,0
4,1075,0
4,1076,0
4,1077,0
4,1078,0
4,1079,0
4,1080,0
4,1081,0
4,1082,0
4,1083,0
4,1084,0
4,1085,0
4,1086,0
4,1087,0
4,1088,1
4,1089,0
4,1090,0
4,1091,0
4,1092,0
4,1093,0
4,1094,0
4,1095,0
4,1096,0
4,1097,0
4,1098,0
4,1099,0
4,1100,0
4,1101,0
4,1102,0
4,1103,0
4,1104,1
4,1105,0
4,1106,0
4,1107,0
4,1108,0
4,1109,0
4,1110,0
4,1111,0
4,1112,0
4,1113,0
4,1114,0
4,1115,1
4,1116,1
4,1117,0
4,1118,1
4,1119,0
4,1120,0
4,1121,1
4,1122,0
4,1123,0
4,1124,0
4,1125,0
4,1126,1
4,1127,0
4,1128,0
4,1129,0
4,1130,0
4,1131,0
4,1132,0
4,1133,0
4,1134,0
4,1135,0
4,1136,0
4,1137,0
4,1138,0
4,1139,0
4,1140,1
4,1141,0
4,1142,0
4,1143,0
4,1144,0
4,1145,0
4,1146,0
4,1147,0
4,1148,0
4,1149,0
4,1150,1
4,1151,0
4,1152,0
4,1153,0
4,1154,0
4,1155,0
4,1156,0
4,1157,0
4,1158,0
4,1159,0
4,1160,0
4,1161,0
4,1162,0
4,1163,0
4,1164,0
4,1165,0
4,1166,0
4,1167,0
4,1168,0
4,1169,0
4,1170,0
4,1171,0
4,1172,0
4,1173,0
4,1174,0
4,1175,0
4,1176,0
4,1177,0
4,1178,1
4,1179,0
4,1180,0
4,1181,0
4,1182,1
4,1183,1
4,1184,0
4,1185,0
4,1186,0
4,1187,0
4,1188,0
4,1189,0
4,1190,0
4,1191,0
4,1192,1
4,1193,0
4,1194,0
4,1195,0
4,1196,0
4,1197,0
4,1198,0
4,1199,0
5,1000,0
5,1001,0
5,1002,0
5,1003,0
5,1004,0
5,1005,0
5,1006,0
5,1007,0
5,1008,0
5,1009,0
5,1010,0
5,1011,0
5,1012,0
5,1013,0
5,1014,1
5,1015,0
5,1016,1
5,1017,1
5,1018,0
5,1019,0
5,1020,0
5,1021,0
5,1022,0
5,1023,1
5,1024,0
5,1025,0
5,1026,0
5,1027,0
5,1028,0
5,1029,0
5,1030,0
5,1031,1
5,1032,0
5,1033,0
5,1034,0
5,1035,0
5,1036,0
5,1037,0
5,1038,0
5,1039,1
5,1040,0
5,1041,0
5,1042,1
5,1043,0
5,1044,0
5,1045,0
5,1046,0
5,1047,0
5,1048,0
5,1049,1
5,1050,0
5,1051,0
5,1052,0
5,1053,0
5,1054,0
5,1055,0
5,1056,0
5,1057,0
5,1058,0
5,1059,0
5,1060,0
5,1061,0
5,1062,0
5,1063,0
5,1064,0
5,1065,0
5,1066,1
5,1067,0
5,1068,1
5,1069,0
5,1070,0
5,1071,0
5,1072,0
5,1073,0
5,1074,0
5,1075,0
5,1076,0
5,1077,0
5,1078,0
5,1079,0
5,1080,0
5,1081,0
5,1082,1
5,1083,0
5,1084,0
5,1085,0
5,1086,0
5,1087,0
5,1088,0
5,1089,0
5,1090,0
5,1091,0
5,1092,0
5,1093,0
5,1094,0
5,1095,0
5,1096,0
5,1097,0
5,1098,0
5,1099,0
5,1100,0
5,1101,0
5,1102,0
5,1103,0
5,1104,0
5,1105,0
5,1106,0
5,1107,0
5,1108,0
5,1109,1
5,1110,0
5,1111,0
5,1112,0
5,1113,0
5,1114,0
5,1115,0
5,1116,0
5,1117,0
5,1118,0
5,1119,0
5,1120,0
5,1121,0
5,1122,0
5,1123,0
5,1124,0
5,1125,0
5,1126,0
5,1127,1
5,1128,0
5,1129,0
5,1130,0
5,1131,1
5,1132,0
5,1133,0
5,1134,0
5,1135,0
5,1136,0
5,1137,0
5,1138,0
5,1139,0
5,1140,0
5,1141,0
5,1142,0
5,1143,1
5,1144,0
5,1145,1
5,1146,0
5,1147,0
5,1148,0
5,1149,0
5,1150,0
5,1151,0
5,1152,0
5,1153,0
5,1154,0
5,1155,0
5,1156,0
5,1157,0
5,1158,0
5,1159,0
5,1160,0
5,1161,0
5,1162,0
5,1163,0
5,1164,0
5,1165,0
5,1166,0
5,1167,0
5,1168,0
5,1169,0
5,1170,0
5,1171,0
5,1172,0
5,1173,0
5,1174,0
5,1175,1
5,1176,0
5,1177,0
5,1178,0
5,1179,0
5,1180,0
5,1181,0
5,1182,0
5,1183,0
5,1184,0
5,1185,0
5,1186,0
5,1187,0
5,1188,0
5,1189,1
5,1190,0
5,1191,0
5,1192,0
5,1193,0
5,1194,0
5,1195,0
5,1196,0
5,1197,0
5,1198,0
5,1199,0
6,1000,0
6,1001,0
6,1002,0
6,1003,1
6,1004,0
6,1005,0
6,1006,0
6,1007,0
6,1008,0
6,1009,0
6,1010,0
6,1011,0
6,1012,0
6,1013,0
6,1014,0
6,1015,0
6,1016,0
6,1017,1
6,1018,1
6,1019,0
6,1020,0
6,1021,0
6,1022,0
6,1023,0
6,1024,0
6,1025,0
6,1026,0
6,1027,1
6,1028,1
6,1029,0
6,1030,0
6,1031,0
6,1032,1
6,1033,0
6,1034,0
6,1035,0
6,1036,0
6,1037,0
6,1038,0
6,1039,1
6,1040,0
6,1041,0
6,1042,0
6,1043,0
6,1044,0
6,1045,0
6,1046,1
6,1047,0
6,1048,0
6,1049,0
6,1050,0
6,1051,0
6,1052,0
6,1053,0
6,1054,0
6,1055,0
6,1056,0
6,1057,0
6,1058,0
6,1059,0
6,1060,0
6,1061,0
6,1062,0
6,1063,0
6,1064,0
6,1065,0
6,1066,0
6,1067,0
6,1068,0
6,1069,0
6,1070,0
6,1071,0
6,1072,0
6,1073,0
6,1074,0
6,1075,0
6,1076,0
6,1077,0
6,1078,0
6,1079,0
6,1080,0
6,1081,0
6,1082,0
6,1083,0
6,1084,0
6,1085,0
6,1086,0
6,1087,0
6,1088,0
6,1089,1
6,1090,0
6,1091,0
6,1092,0
6,1093,0
6,1094,0
6,1095,0
6,1096,0
6,1097,1
6,1098,0
6,1099,0
6,1100,0
6,1101,0
6,1102,0
6,1103,1
6,1104,0
6,1105,0
6,1106,1
6,1107,0
6,1108,0
6,1109,0
6,1110,0
6,1111,0
6,1112,0
6,1113,0
6,1114,0
6,1115,0
6,1116,0
6,1117,0
6,1118,0
6,1119,1
6,1120,0
6,1121,0
6,1122,0
6,1123,0
6,1124,0
6,1125,1
6,1126,0
6,1127,0
6,1128,0
6,1129,0
6,1130,0
6,1131,0
6,1132,0
6,1133,0
6,1134,0
6,1135,0
6,1136,1
6,1137,0
6,1138,0
6,1139,0
6,1140,0
6,1141,0
6,1142,1
6,1143,0
6,1144,0
6,1145,0
6,1146,0
6,1147,0
6,1148,0
6,1149,0
6,1150,0
6,1151,0
6,1152,0
6,1153,1
6,1154,0
6,1155,0
6,1156,0
6,1157,0
6,1158,0
6,1159,0
6,1160,0
6,1161,0
6,1162,0
6,1163,1
6,1164,0
6,1165,0
6,1166,0
6,1167,0
6,1168,0
6,1169,1
6,1170,0
6,1171,0
6,1172,0
6,1173,0
6,1174,0
6,1175,0
6,1176,0
6,1177,0
6,1178,0
6,1179,1
6,1180,0
6,1181,0
6,1182,0
6,1183,0
6,1184,1
6,1185,0
6,1186,0
6,1187,1
6,1188,0
6,1189,0
6,1190,0
6,1191,0
6,1192,0
6,1193,0
6,1194,0
6,1195,0
6,1196,0
6,1197,0
6,1198,0
6,1199,0
7,1000,0
7,1001,1
7,1002,0
7,1003,0
7,1004,0
7,1005,0
7,1006,0
7,1007,0
7,1008,0
7,1009,0
7,1010,0
7,1011,1
7,1012,0
7,1013,0
7,1014,0
7,1015,0
7,1016,0
7,1017,0
7,1018,0
7,1019,0
7,1020,0
7,1021,0
7,1022,0
7,1023,0
7,1024,0
7,1025,0
7,1026,0
7,1027,0
7,1028,0
7,1029,0
7,1030,0
7,1031,0
7,1032,0
7,1033,0
7,1034,0
7,1035,0
7,1036,0
7,1037,0
7,1038,0
7,1039,0
7,1040,0
7,1041,0
7,1042,0
7,1043,0
7,1044,0
7,1045,0
7,1046,0
7,1047,0
7,1048,0
7,1049,0
7,1050,0
7,1051,0
7,1052,0
7,1053,0
7,1054,0
7,1055,0
7,1056,0
7,1057,0
7,1058,0
7,1059,0
7,1060,0
7,1061,0
7,1062,1
7,1063,0
7,1064,0
7,1065,0
7,1066,0
7,1067,0
7,1068,0
7,1069,0
7,1070,0
7,1071,0
7,1072,0
7,1073,0
7,1074,0
7,1075,0
7,1076,0
7,1077,0
7,1078,0
7,1079,0
7,1080,1
7,1081,0
7,1082,0
7,1083,0
7,1084,0
7,1085,0
7,1086,0
7,1087,0
7,1088,1
7,1089,0
7,1090,0
7,1091,0
7,1092,0
7,1093,0
7,1094,0
7,1095,0
7,1096,0
7,1097,0
7,1098,0
7,1099,1
7,1100,0
7,1101,0
7,1102,0
7,1103,0
7,1104,1
7,1105,0
7,1106,0
7,1107,0
7,1108,0
7,1109,0
7,1110,0
7,1111,0
7,1112,0
7,1113,0
7,1114,0
7,1115,1
7,1116,0
7,1117,0
7,1118,0
7,1119,0
7,1120,0
7,1121,1
7,1122,0
7,1123,0
7,1124,0
7,1125,0
7,1126,1
7,1127,0
7,1128,0
7,1129,0
7,1130,0
7,1131,0
7,1132,0
7,1133,0
7,1134,0
7,1135,0
7,1136,0
7,1137,0
7,1138,0
7,1139,0
7,1140,0
7,1141,0
7,1142,0
7,1143,0
7,1144,0
7,1145,0
7,1146,0
7,1147,0
7,1148,0
7,1149,0
7,1150,1
7,1151,0
7,1152,0
7,1153,0
7,1154,0
7,1155,0
7,1156,0
7,1157,0
7,1158,0
7,1159,0
7,1160,0
7,1161,0
7,1162,0
7,1163,0
7,1164,0
7,1165,0
7,1166,0
7,1167,0
7,1168,0
7,1169,0
7,1170,0
7,1171,0
7,1172,0
7,1173,0
7,1174,0
7,1175,0
7,1176,0
7,1177,0
7,1178,1
7,1179,0
7,1180,0
7,1181,0
7,1182,1
7,1183,1
7,1184,0
7,1185,0
7,1186,0
7,1187,0
7,1188,0
7,1189,0
7,1190,0
7,1191,0
7,1192,0
7,1193,0
7,1194,0
7,1195,0
7,1196,0
7,1197,0
7,1198,0
7,1199,0
8,1000,0
8,1001,0
8,1002,0
8,1003,0
8,1004,0
8,1005,0
8,1006,0
8,1007,0
8,1008,0
8,1009,0
8,1010,0
8,1011,1
8,1012,0
8,1013,0
8,1014,0
8,1015,0
8,1016,0
8,1017,0
8,1018,0
8,1019,0
8,1020,0
8,1021,0
8,1022,0
8,1023,0
8,1024,0
8,1025,0
8,1026,0
8,1027,0
8,1028,0
8,1029,0
8,1030,0
8,1031,0
8,1032,0
8,1033,1
8,1034,1
8,1035,1
8,1036,0
8,1037,0
8,1038,0
8,1039,0
8,1040,0
8,1041,0
8,1042,0
8,1043,0
8,1044,1
8,1045,1
8,1046,0
8,1047,0
8,1048,0
8,1049,0
8,1050,1
8,1051,0
8,1052,0
8,1053,1
8,1054,0
8,1055,1
8,1056,0
8,1057,0
8,1058,0
8,1059,0
8,1060,0
8,1061,0
8,1062,0
8,1063,0
8,1064,0
8,1065,0
8,1066,0
8,1067,1
8,1068,0
8,1069,1
8,1070,0
8,1071,0
8,1072,0
8,1073,1
8,1074,0
8,1075,0
8,1076,0
8,1077,0
8,1078,1
8,1079,0
8,1080,1
8,1081,0
8,1082,0
8,1083,0
8,1084,0
8,1085,0
8,1086,0
8,1087,0
8,1088,1
8,1089,0
8,1090,0
8,1091,0
8,1092,0
8,1093,0
8,1094,0
8,1095,0
8,1096,0
8,1097,0
8,1098,0
8,1099,0
8,1100,0
8,1101,0
8,1102,0
8,1103,0
8,1104,1
8,1105,0
8,1106,0
8,1107,0
8,1108,0
8,1109,0
8,1110,0
8,1111,0
8,1112,0
8,1113,0
8,1114,0
8,1115,1
8,1116,1
8,1117,0
8,1118,1
8,1119,0
8,1120,1
8,1121,1
8,1122,0
8,1123,0
8,1124,0
8,1125,0
8,1126,1
8,1127,1
8,1128,0
8,1129,0
8,1130,0
8,1131,0
8,1132,0
8,1133,0
8,1134,0
8,1135,0
8,1136,0
8,1137,0
8,1138,0
8,1139,0
8,1140,1
8,1141,0
8,1142,0
8,1143,0
8,1144,0
8,1145,0
8,1146,0
8,1147,0
8,1148,0
8,1149,0
8,1150,1
8,1151,0
8,1152,0
8,1153,0
8,1154,1
8,1155,1
8,1156,0
8,1157,0
8,1158,0
8,1159,0
8,1160,0
8,1161,0
8,1162,0
8,1163,0
8,1164,0
8,1165,0
8,1166,0
8,1167,0
8,1168,0
8,1169,0
8,1170,0
8,1171,0
8,1172,0
8,1173,0
8,1174,0
8,1175,0
8,1176,0
8,1177,0
8,1178,1
8,1179,0
8,1180,0
8,1181,0
8,1182,1
8,1183,1
8,1184,0
8,1185,0
8,1186,1
8,1187,0
8,1188,0
8,1189,0
8,1190,0
8,1191,0
8,1192,1
8,1193,0
8,1194,0
8,1195,0
8,1196,0
8,1197,0
8,1198,1
8,1199,0
9,1000,0
9,1001,0
9,1002,0
9,1003,0
9,1004,0
9,1005,0
9,1006,0
9,1007,1
9,1008,0
9,1009,0
9,1010,0
9,1011,1
9,1012,0
9,1013,0
9,1014,0
9,1015,0
9,1016,0
9,1017,0
9,1018,0
9,1019,0
9,1020,0
9,1021,1
9,1022,0
9,1023,0
9,1024,0
9,1025,0
9,1026,0
9,1027,0
9,1028,0
9,1029,0
9,1030,0
9,1031,0
9,1032,0
9,1033,1
9,1034,1
9,1035,1
9,1036,0
9,1037,0
9,1038,0
9,1039,0
9,1040,0
9,1041,0
9,1042,0
9,1043,0
9,1044,0
9,1045,0
9,1046,0
9,1047,0
9,1048,0
9,1049,0
9,1050,0
9,1051,0
9,1052,0
9,1053,1
9,1054,0
9,1055,1
9,1056,0
9,1057,1
9,1058,0
9,1059,0
9,1060,0
9,1061,0
9,1062,1
9,1063,0
9,1064,0
9,1065,0
9,1066,0
9,1067,1
9,1068,0
9,1069,1
9,1070,0
9,1071,0
9,1072,0
9,1073,0
9,1074,0
9,1075,0
9,1076,0
9,1077,0
9,1078,0
9,1079,0
9,1080,0
9,1081,0
9,1082,0
9,1083,0
9,1084,1
9,1085,0
9,1086,0
9,1087,0
9,1088,1
9,1089,0
9,1090,0
9,1091,0
9,1092,0
9,1093,0
9,1094,0
9,1095,0
9,1096,0
9,1097,0
9,1098,0
9,1099,0
9,1100,0
9,1101,0
9,1102,0
9,1103,0
9,1104,1
9,1105,0
9,1106,0
9,1107,0
9,1108,0
9,1109,0
9,1110,0
9,1111,0
9,1112,0
9,1113,0
9,1114,0
9,1115,1
9,1116,1
9,1117,0
9,1118,1
9,1119,0
9,1120,1
9,1121,1
9,1122,0
9,1123,0
9,1124,0
9,1125,0
9,1126,1
9,1127,0
9,1128,1
9,1129,0
9,1130,0
9,1131,0
9,1132,0
9,1133,0
9,1134,0
9,1135,0
9,1136,0
9,1137,0
9,1138,0
9,1139,0
9,1140,1
9,1141,0
9,1142,0
9,1143,0
9,1144,0
9,1145,0
9,1146,0
9,1147,0
9,1148,0
9,1149,0
9,1150,0
9,1151,0
9,1152,0
9,1153,0
9,1154,0
9,1155,0
9,1156,0
9,1157,0
9,1158,0
9,1159,0
9,1160,0
9,1161,0
9,1162,0
9,1163,0
9,1164,0
9,1165,0
9,1166,1
9,1167,0
9,1168,0
9,1169,0
9,1170,0
9,1171,0
9,1172,0
9,1173,0
9,1174,0
9,1175,0
9,1176,0
9,1177,0
9,1178,1
9,1179,0
9,1180,0
9,1181,0
9,1182,1
9,1183,1
9,1184,0
9,1185,0
9,1186,1
9,1187,0
9,1188,0
9,1189,0
9,1190,0
9,1191,0
9,1192,0
9,1193,0
9,1194,0
9,1195,0
9,1196,0
9,1197,0
9,1198,1
9,1199,0
10,1000,0
10,1001,0
10,1002,0
10,1003,1
10,1004,0
10,1005,0
10,1006,0
10,1007,0
10,1008,0
10,1009,0
10,1010,0
10,1011,0
10,1012,0
10,1013,0
10,1014,0
10,1015,0
10,1016,1
10,1017,1
10,1018,0
10,1019,0
10,1020,0
10,1021,0
10,1022,0
10,1023,0
10,1024,0
10,1025,0
10,1026,0
10,1027,1
10,1028,1
10,1029,0
10,1030,0
10,1031,0
10,1032,0
10,1033,0
10,1034,0
10,1035,0
10,1036,0
10,1037,0
10,1038,0
10,1039,1
10,1040,0
10,1041,1
10,1042,0
10,1043,0
10,1044,0
10,1045,0
10,1046,0
10,1047,0
10,1048,1
10,1049,0
10,1050,0
10,1051,0
10,1052,0
10,1053,0
10,1054,1
10,1055,1
10,1056,0
10,1057,0
10,1058,0
10,1059,0
10,1060,0
10,1061,0
10,1062,0
10,1063,0
10,1064,0
10,1065,0
10,1066,0
10,1067,0
10,1068,0
10,1069,0
10,1070,0
10,1071,0
10,1072,0
10,1073,0
10,1074,0
10,1075,0
10,1076,0
10,1077,0
10,1078,0
10,1079,0
10,1080,0
10,1081,0
10,1082,0
10,1083,0
10,1084,0
10,1085,0
10,1086,0
10,1087,0
10,1088,0
10,1089,1
10,1090,0
10,1091,0
10,1092,0
10,1093,0
10,1094,0
10,1095,0
10,1096,1
10,1097,0
10,1098,0
10,1099,0
10,1100,0
10,1101,0
10,1102,0
10,1103,1
10,1104,0
10,1105,0
10,1106,1
10,1107,0
10,1108,0
10,1109,0
10,1110,0
10,1111,0
10,1112,0
10,1113,0
10,1114,0
10,1115,0
10,1116,0
10,1117,0
10,1118,0
10,1119,1
10,1120,0
10,1121,0
10,1122,0
10,1123,0
10,1124,0
10,1125,1
10,1126,0
10,1127,0
10,1128,0
10,1129,1
10,1130,1
10,1131,1
10,1132,0
10,1133,0
10,1134,1
10,1135,0
10,1136,1
10,1137,0
10,1138,0
10,1139,0
10,1140,0
10,1141,0
10,1142,0
10,1143,0
10,1144,0
10,1145,0
10,1146,0
10,1147,0
10,1148,0
10,1149,0
10,1150,0
10,1151,0
10,1152,0
10,1153,1
10,1154,0
10,1155,0
10,1156,0
10,1157,0
10,1158,0
10,1159,0
10,1160,0
10,1161,0
10,1162,0
10,1163,1
10,1164,0
10,1165,0
10,1166,0
10,1167,0
10,1168,0
10,1169,1
10,1170,0
10,1171,0
10,1172,0
10,1173,0
10,1174,0
10,1175,1
10,1176,0
10,1177,0
10,1178,0
10,1179,0
10,1180,0
10,1181,0
10,1182,0
10,1183,0
10,1184,0
10,1185,0
10,1186,0
10,1187,0
10,1188,0
10,1189,0
10,1190,0
10,1191,0
10,1192,0
10,1193,0
10,1194,0
10,1195,0
10,1196,0
10,1197,0
10,1198,0
10,1199,0
11,1000,0
11,1001,0
11,1002,0
11,1003,0
11,1004,0
11,1005,0
11,1006,0
11,1007,1
11,1008,0
11,1009,0
11,1010,0
11,1011,1
11,1012,0
11,1013,0
11,1014,0
11,1015,0
11,1016,0
11,1017,0
11,1018,0
11,1019,0
11,1020,0
11,1021,0
11,1022,0
11,1023,0
11,1024,0
11,1025,0
11,1026,0
11,1027,0
11,1028,0
11,1029,0
11,1030,0
11,1031,0
11,1032,0
11,1033,0
11,1034,0
11,1035,0
11,1036,0
11,1037,0
11,1038,0
11,1039,0
11,1040,0
11,1041,0
11,1042,0
11,1043,0
11,1044,0
11,1045,0
11,1046,0
11,1047,0
11,1048,0
11,1049,0
11,1050,0
11,1051,0
11,1052,0
11,1053,1
11,1054,0
11,1055,0
11,1056,0
11,1057,0
11,1058,0
11,1059,0
11,1060,0
11,1061,0
11,1062,1
11,1063,0
11,1064,0
11,1065,1
11,1066,1
11,1067,0
11,1068,0
11,1069,1
11,1070,0
11,1071,0
11,1072,1
11,1073,0
11,1074,0
11,1075,0
11,1076,0
11,1077,0
11,1078,0
11,1079,0
11,1080,1
11,1081,0
11,1082,0
11,1083,0
11,1084,0
11,1085,0
11,1086,0
11,1087,0
11,1088,1
11,1089,0
11,1090,0
11,1091,0
11,1092,0
11,1093,0
11,1094,0
11,1095,0
11,1096,0
11,1097,0
11,1098,0
11,1099,0
11,1100,0
11,1101,0
11,1102,0
11,1103,0
11,1104,1
11,1105,0
11,1106,0
11,1107,0
11,1108,0
11,1109,0
11,1110,0
11,1111,0
11,1112,0
11,1113,0
11,1114,0
11,1115,0
11,1116,1
11,1117,0
11,1118,1
11,1119,0
11,1120,0
11,1121,1
11,1122,0
11,1123,0
11,1124,0
11,1125,0
11,1126,0
11,1127,0
11,1128,0
11,1129,0
11,1130,0
11,1131,0
11,1132,0
11,1133,0
11,1134,0
11,1135,0
11,1136,0
11,1137,0
11,1138,0
11,1139,0
11,1140,1
11,1141,0
11,1142,0
11,1143,0
11,1144,0
11,1145,0
11,1146,0
11,1147,0
11,1148,0
11,1149,0
11,1150,1
11,1151,0
11,1152,0
11,1153,0
11,1154,0
11,1155,0
11,1156,0
11,1157,0
11,1158,0
11,1159,0
11,1160,0
11,1161,0
11,1162,0
11,1163,0
11,1164,0
11,1165,0
11,1166,0
11,1167,0
11,1168,0
11,1169,0
11,1170,0
11,1171,0
11,1172,0
11,1173,0
11,1174,0
11,1175,0
11,1176,1
11,1177,0
11,1178,1
11,1179,0
11,1180,0
11,1181,0
11,1182,1
11,1183,1
11,1184,0
11,1185,0
11,1186,0
11,1187,0
11,1188,0
11,1189,0
11,1190,0
11,1191,0
11,1192,1
11,1193,0
11,1194,0
11,1195,0
11,1196,0
11,1197,0
11,1198,0
11,1199,0
12,1000,0
12,1001,0
12,1002,1
12,1003,1
12,1004,0
12,1005,0
12,1006,0
12,1007,0
12,1008,0
12,1009,0
12,1010,0
12,1011,0
12,1012,0
12,1013,0
12,1014,0
12,1015,0
12,1016,0
12,1017,1
12,1018,1
12,1019,0
12,1020,0
12,1021,0
12,1022,1
12,1023,0
12,1024,0
12,1025,0
12,1026,0
12,1027,1
12,1028,1
12,1029,0
12,1030,0
12,1031,0
12,1032,0
12,1033,0
12,1034,0
12,1035,0
12,1036,0
12,1037,0
12,1038,0
12,1039,1
12,1040,0
12,1041,0
12,1042,0
12,1043,0
12,1044,0
12,1045,0
12,1046,0
12,1047,0
12,1048,0
12,1049,0
12,1050,0
12,1051,0
12,1052,0
12,1053,0
12,1054,1
12,1055,0
12,1056,0
12,1057,0
12,1058,0
12,1059,0
12,1060,0
12,1061,0
12,1062,0
12,1063,0
12,1064,0
12,1065,1
12,1066,0
12,1067,0
12,1068,0
12,1069,0
12,1070,0
12,1071,0
12,1072,0
12,1073,0
12,1074,0
12,1075,0
12,1076,0
12,1077,0
12,1078,0
12,1079,0
12,1080,0
12,1081,0
12,1082,0
12,1083,0
12,1084,0
12,1085,0
12,1086,0
12,1087,0
12,1088,0
12,1089,1
12,1090,0
12,1091,0
12,1092,0
12,1093,0
12,1094,0
12,1095,0
12,1096,0
12,1097,1
12,1098,0
12,1099,0
12,1100,0
12,1101,0
12,1102,0
12,1103,1
12,1104,0
12,1105,0
12,1106,1
12,1107,0
12,1108,0
12,1109,0
12,1110,0
12,1111,0
12,1112,0
12,1113,0
12,1114,0
12,1115,0
12,1116,0
12,1117,0
12,1118,0
12,1119,1
12,1120,0
12,1121,0
12,1122,0
12,1123,0
12,1124,0
12,1125,1
12,1126,0
12,1127,0
12,1128,0
12,1129,1
12,1130,1
12,1131,0
12,1132,0
12,1133,0
12,1134,0
12,1135,0
12,1136,1
12,1137,0
12,1138,0
12,1139,0
12,1140,0
12,1141,0
12,1142,1
12,1143,0
12,1144,0
12,1145,0
12,1146,0
12,1147,0
12,1148,0
12,1149,0
12,1150,0
12,1151,0
12,1152,0
12,1153,1
12,1154,0
12,1155,0
12,1156,0
12,1157,0
12,1158,0
12,1159,0
12,1160,0
12,1161,0
12,1162,0
12,1163,1
12,1164,0
12,1165,0
12,1166,0
12,1167,0
12,1168,0
12,1169,0
12,1170,0
12,1171,0
12,1172,0
12,1173,0
12,1174,0
12,1175,0
12,1176,0
12,1177,0
12,1178,0
12,1179,0
12,1180,0
12,1181,1
12,1182,0
12,1183,0
12,1184,0
12,1185,0
12,1186,0
12,1187,1
12,1188,0
12,1189,0
12,1190,0
12,1191,0
12,1192,0
12,1193,0
12,1194,0
12,1195,0
12,1196,0
12,1197,0
12,1198,0
12,1199,0
13,1000,0
13,1001,1
13,1002,0
13,1003,0
13,1004,0
13,1005,0
13,1006,0
13,1007,1
13,1008,0
13,1009,0
13,1010,0
13,1011,0
13,1012,1
13,1013,0
13,1014,0
13,1015,0
13,1016,0
13,1017,0
13,1018,0
13,1019,0
13,1020,1
13,1021,0
13,1022,0
13,1023,0
13,1024,0
13,1025,0
13,1026,0
13,1027,0
13,1028,0
13,1029,0
13,1030,0
13,1031,0
13,1032,0
13,1033,1
13,1034,1
13,1035,1
13,1036,0
13,1037,0
13,1038,0
13,1039,0
13,1040,0
13,1041,0
13,1042,0
13,1043,1
13,1044,0
13,1045,0
13,1046,0
13,1047,0
13,1048,0
13,1049,0
13,1050,1
13,1051,0
13,1052,1
13,1053,1
13,1054,0
13,1055,1
13,1056,0
13,1057,0
13,1058,0
13,1059,0
13,1060,0
13,1061,0
13,1062,1
13,1063,0
13,1064,0
13,1065,0
13,1066,0
13,1067,1
13,1068,0
13,1069,1
13,1070,0
13,1071,0
13,1072,0
13,1073,1
13,1074,0
13,1075,0
13,1076,0
13,1077,0
13,1078,0
13,1079,0
13,1080,1
13,1081,0
13,1082,0
13,1083,1
13,1084,0
13,1085,0
13,1086,0
13,1087,0
13,1088,0
13,1089,0
13,1090,0
13,1091,0
13,1092,0
13,1093,0
13,1094,0
13,1095,0
13,1096,0
13,1097,0
13,1098,0
13,1099,0
13,1100,0
13,1101,0
13,1102,0
13,1103,0
13,1104,1
13,1105,0
13,1106,0
13,1107,0
13,1108,0
13,1109,0
13,1110,0
13,1111,0
13,1112,1
13,1113,1
13,1114,0
13,1115,1
13,1116,1
13,1117,0
13,1118,1
13,1119,0
13,1120,0
13,1121,1
13,1122,0
13,1123,0
13,1124,0
13,1125,0
13,1126,1
13,1127,0
13,1128,0
13,1129,0
13,1130,0
13,1131,0
13,1132,0
13,1133,0
13,1134,1
13,1135,0
13,1136,0
13,1137,0
13,1138,0
13,1139,1
13,1140,1
13,1141,0
13,1142,0
13,1143,0
13,1144,1
13,1145,0
13,1146,0
13,1147,0
13,1148,0
13,1149,0
13,1150,1
13,1151,0
13,1152,0
13,1153,0
13,1154,0
13,1155,0
13,1156,0
13,1157,0
13,1158,0
13,1159,0
13,1160,0
13,1161,0
13,1162,0
13,1163,0
13,1164,0
13,1165,1
13,1166,0
13,1167,0
13,1168,0
13,1169,0
13,1170,0
13,1171,0
13,1172,0
13,1173,0
13,1174,0
13,1175,0
13,1176,0
13,1177,0
13,1178,1
13,1179,0
13,1180,0
13,1181,0
13,1182,0
13,1183,1
13,1184,0
13,1185,0
13,1186,1
13,1187,0
13,1188,0
13,1189,0
13,1190,0
13,1191,1
13,1192,1
13,1193,0
13,1194,0
13,1195,0
13,1196,0
13,1197,1
13,1198,0
13,1199,0
14,1000,0
14,1001,0
14,1002,0
14,1003,1
14,1004,0
14,1005,0
14,1006,0
14,1007,1
14,1008,0
14,1009,0
14,1010,0
14,1011,0
14,1012,0
14,1013,0
14,1014,0
14,1015,0
14,1016,0
14,1017,1
14,1018,0
14,1019,0
14,1020,0
14,1021,0
14,1022,0
14,1023,0
14,1024,0
14,1025,0
14,1026,0
14,1027,1
14,1028,1
14,1029,0
14,1030,0
14,1031,0
14,1032,0
14,1033,0
14,1034,0
14,1035,0
14,1036,0
14,1037,0
14,1038,0
14,1039,0
14,1040,0
14,1041,0
14,1042,0
14,1043,0
14,1044,0
14,1045,0
14,1046,0
14,1047,0
14,1048,1
14,1049,0
14,1050,0
14,1051,0
14,1052,0
14,1053,0
14,1054,0
14,1055,0
14,1056,0
14,1057,0
14,1058,0
14,1059,0
14,1060,0
14,1061,0
14,1062,0
14,1063,0
14,1064,0
14,1065,1
14,1066,0
14,1067,0
14,1068,0
14,1069,0
14,1070,0
14,1071,0
14,1072,0
14,1073,0
14,1074,0
14,1075,0
14,1076,0
14,1077,0
14,1078,0
14,1079,0
14,1080,0
14,1081,0
14,1082,0
14,1083,0
14,1084,0
14,1085,0
14,1086,0
14,1087,0
14,1088,0
14,1089,1
14,1090,0
14,1091,0
14,1092,0
14,1093,0
14,1094,0
14,1095,0
14,1096,0
14,1097,1
14,1098,0
14,1099,0
14,1100,0
14,1101,0
14,1102,0
14,1103,0
14,1104,0
14,1105,0
14,1106,1
14,1107,0
14,1108,0
14,1109,0
14,1110,0
14,1111,0
14,1112,0
14,1113,0
14,1114,0
14,1115,0
14,1116,0
14,1117,0
14,1118,0
14,1119,0
14,1120,0
14,1121,1
14,1122,1
14,1123,0
14,1124,0
14,1125,1
14,1126,0
14,1127,0
14,1128,0
14,1129,1
14,1130,0
14,1131,0
14,1132,0
14,1133,0
14,1134,0
14,1135,0
14,1136,0
14,1137,0
14,1138,0
14,1139,0
14,1140,0
14,1141,0
14,1142,1
14,1143,0
14,1144,0
14,1145,0
14,1146,0
14,1147,0
14,1148,0
14,1149,0
14,1150,0
14,1151,0
14,1152,0
14,1153,0
14,1154,0
14,1155,0
14,1156,0
14,1157,0
14,1158,0
14,1159,0
14,1160,0
14,1161,0
14,1162,0
14,1163,0
14,1164,0
14,1165,0
14,1166,0
14,1167,0
14,1168,0
14,1169,0
14,1170,0
14,1171,0
14,1172,0
14,1173,0
14,1174,0
14,1175,0
14,1176,0
14,1177,0
14,1178,0
14,1179,0
14,1180,0
14,1181,0
14,1182,0
14,1183,0
14,1184,0
14,1185,0
14,1186,0
14,1187,0
14,1188,0
14,1189,0
14,1190,0
14,1191,0
14,1192,0
14,1193,0
14,1194,0
14,1195,0
14,1196,0
14,1197,0
14,1198,1
14,1199,0
15,1000,0
15,1001,0
15,1002,0
15,1003,0
15,1004,0
15,1005,0
15,1006,0
15,1007,0
15,1008,0
15,1009,1
15,1010,0
15,1011,0
15,1012,0
15,1013,0
15,1014,0
15,1015,0
15,1016,0
15,1017,0
15,1018,0
15,1019,0
15,1020,0
15,1021,0
15,1022,0
15,1023,0
15,1024,0
15,1025,1
15,1026,0
15,1027,0
15,1028,0
15,1029,0
15,1030,0
15,1031,0
15,1032,0
15,1033,0
15,1034,0
15,1035,0
15,1036,0
15,1037,0
15,1038,1
15,1039,0
15,1040,0
15,1041,0
15,1042,0
15,1043,0
15,1044,0
15,1045,0
15,1046,0
15,1047,0
15,1048,0
15,1049,0
15,1050,0
15,1051,0
15,1052,0
15,1053,0
15,1054,0
15,1055,0
15,1056,0
15,1057,0
15,1058,0
15,1059,0
15,1060,0
15,1061,0
15,1062,0
15,1063,0
15,1064,0
15,1065,0
15,1066,0
15,1067,0
15,1068,0
15,1069,0
15,1070,0
15,1071,0
15,1072,0
15,1073,0
15,1074,0
15,1075,0
15,1076,0
15,1077,0
15,1078,0
15,1079,0
15,1080,0
15,1081,0
15,1082,0
15,1083,0
15,1084,0
15,1085,0
15,1086,0
15,1087,0
15,1088,0
15,1089,0
15,1090,0
15,1091,1
15,1092,0
15,1093,0
15,1094,0
15,1095,0
15,1096,0
15,1097,0
15,1098,0
15,1099,0
15,1100,0
15,1101,1
15,1102,0
15,1103,0
15,1104,0
15,1105,0
15,1106,0
15,1107,0
15,1108,0
15,1109,1
15,1110,0
15,1111,0
15,1112,0
15,1113,0
15,1114,0
15,1115,0
15,1116,0
15,1117,0
15,1118,0
15,1119,0
15,1120,0
15,1121,0
15,1122,0
15,1123,0
15,1124,0
15,1125,0
15,1126,0
15,1127,0
15,1128,0
15,1129,0
15,1130,0
15,1131,0
15,1132,0
15,1133,0
15,1134,0
15,1135,0
15,1136,0
15,1137,0
15,1138,0
15,1139,0
15,1140,0
15,1141,0
15,1142,0
15,1143,0
15,1144,0
15,1145,0
15,1146,0
15,1147,0
15,1148,0
15,1149,0
15,1150,0
15,1151,0
15,1152,0
15,1153,0
15,1154,0
15,1155,0
15,1156,0
15,1157,1
15,1158,0
15,1159,0
15,1160,0
15,1161,0
15,1162,0
15,1163,0
15,1164,0
15,1165,0
15,1166,0
15,1167,0
15,1168,1
15,1169,0
15,1170,0
15,1171,0
15,1172,0
15,1173,0
15,1174,0
15,1175,1
15,1176,1
15,1177,0
15,1178,0
15,1179,0
15,1180,0
15,1181,0
15,1182,0
15,1183,0
15,1184,0
15,1185,0
15,1186,0
15,1187,0
15,1188,0
15,1189,0
15,1190,0
15,1191,0
15,1192,0
15,1193,1
15,1194,0
15,1195,0
15,1196,0
15,1197,0
15,1198,1
15,1199,1
16,1000,0
16,1001,0
16,1002,1
16,1003,1
16,1004,0
16,1005,0
16,1006,0
16,1007,0
16,1008,1
16,1009,1
16,1010,0
16,1011,0
16,1012,0
16,1013,0
16,1014,1
16,1015,0
16,1016,0
16,1017,0
16,1018,0
16,1019,0
16,1020,0
16,1021,0
16,1022,0
16,1023,0
16,1024,0
16,1025,1
16,1026,1
16,1027,0
16,1028,0
16,1029,0
16,1030,0
16,1031,0
16,1032,0
16,1033,0
16,1034,0
16,1035,0
16,1036,0
16,1037,0
16,1038,1
16,1039,0
16,1040,0
16,1041,0
16,1042,0
16,1043,0
16,1044,0
16,1045,0
16,1046,0
16,1047,0
16,1048,0
16,1049,0
16,1050,0
16,1051,1
16,1052,0
16,1053,0
16,1054,0
16,1055,0
16,1056,0
16,1057,0
16,1058,0
16,1059,0
16,1060,0
16,1061,0
16,1062,0
16,1063,0
16,1064,0
16,1065,0
16,1066,0
16,1067,0
16,1068,0
16,1069,0
16,1070,0
16,1071,0
16,1072,0
16,1073,0
16,1074,1
16,1075,1
16,1076,1
16,1077,0
16,1078,0
16,1079,0
16,1080,0
16,1081,1
16,1082,0
16,1083,0
16,1084,0
16,1085,0
16,1086,1
16,1087,0
16,1088,0
16,1089,0
16,1090,0
16,1091,1
16,1092,1
16,1093,1
16,1094,1
16,1095,0
16,1096,0
16,1097,0
16,1098,0
16,1099,0
16,1100,0
16,1101,1
16,1102,0
16,1103,0
16,1104,0
16,1105,0
16,1106,0
16,1107,1
16,1108,0
16,1109,0
16,1110,0
16,1111,0
16,1112,0
16,1113,1
16,1114,1
16,1115,0
16,1116,0
16,1117,0
16,1118,0
16,1119,0
16,1120,0
16,1121,0
16,1122,0
16,1123,0
16,1124,0
16,1125,0
16,1126,0
16,1127,0
16,1128,0
16,1129,0
16,1130,0
16,1131,0
16,1132,0
16,1133,0
16,1134,0
16,1135,0
16,1136,0
16,1137,1
16,1138,0
16,1139,0
16,1140,0
16,1141,0
16,1142,0
16,1143,0
16,1144,0
16,1145,0
16,1146,1
16,1147,0
16,1148,0
16,1149,0
16,1150,0
16,1151,0
16,1152,0
16,1153,0
16,1154,0
16,1155,0
16,1156,0
16,1157,0
16,1158,0
16,1159,1
16,1160,0
16,1161,1
16,1162,1
16,1163,0
16,1164,0
16,1165,0
16,1166,0
16,1167,0
16,1168,0
16,1169,0
16,1170,1
16,1171,0
16,1172,0
16,1173,0
16,1174,1
16,1175,0
16,1176,1
16,1177,0
16,1178,0
16,1179,0
16,1180,0
16,1181,0
16,1182,0
16,1183,0
16,1184,0
16,1185,1
16,1186,0
16,1187,0
16,1188,0
16,1189,0
16,1190,1
16,1191,0
16,1192,0
16,1193,1
16,1194,0
16,1195,0
16,1196,1
16,1197,0
16,1198,0
16,1199,1
17,1000,0
17,1001,0
17,1002,0
17,1003,0
17,1004,0
17,1005,1
17,1006,0
17,1007,0
17,1008,0
17,1009,1
17,1010,0
17,1011,0
17,1012,0
17,1013,1
17,1014,0
17,1015,0
17,1016,0
17,1017,0
17,1018,0
17,1019,0
17,1020,0
17,1021,0
17,1022,0
17,1023,0
17,1024,0
17,1025,1
17,1026,0
17,1027,0
17,1028,0
17,1029,0
17,1030,0
17,1031,0
17,1032,0
17,1033,0
17,1034,0
17,1035,0
17,1036,0
17,1037,0
17,1038,1
17,1039,0
17,1040,0
17,1041,0
17,1042,0
17,1043,0
17,1044,0
17,1045,1
17,1046,0
17,1047,0
17,1048,0
17,1049,0
17,1050,0
17,1051,0
17,1052,0
17,1053,0
17,1054,0
17,1055,0
17,1056,0
17,1057,0
17,1058,0
17,1059,0
17,1060,0
17,1061,0
17,1062,0
17,1063,0
17,1064,0
17,1065,0
17,1066,0
17,1067,0
17,1068,0
17,1069,0
17,1070,0
17,1071,0
17,1072,0
17,1073,0
17,1074,0
17,1075,1
17,1076,1
17,1077,0
17,1078,0
17,1079,0
17,1080,1
17,1081,0
17,1082,0
17,1083,0
17,1084,0
17,1085,0
17,1086,0
17,1087,1
17,1088,0
17,1089,0
17,1090,0
17,1091,1
17,1092,0
17,1093,0
17,1094,0
17,1095,0
17,1096,0
17,1097,0
17,1098,0
17,1099,0
17,1100,0
17,1101,1
17,1102,0
17,1103,0
17,1104,0
17,1105,0
17,1106,0
17,1107,1
17,1108,0
17,1109,0
17,1110,0
17,1111,0
17,1112,0
17,1113,0
17,1114,0
17,1115,0
17,1116,0
17,1117,0
17,1118,0
17,1119,0
17,1120,0
17,1121,0
17,1122,0
17,1123,0
17,1124,0
17,1125,0
17,1126,0
17,1127,0
17,1128,0
17,1129,0
17,1130,0
17,1131,0
17,1132,0
17,1133,0
17,1134,0
17,1135,0
17,1136,0
17,1137,0
17,1138,0
17,1139,0
17,1140,0
17,1141,0
17,1142,0
17,1143,0
17,1144,0
17,1145,0
17,1146,1
17,1147,0
17,1148,0
17,1149,0
17,1150,0
17,1151,0
17,1152,0
17,1153,0
17,1154,0
17,1155,0
17,1156,0
17,1157,1
17,1158,0
17,1159,0
17,1160,0
17,1161,0
17,1162,1
17,1163,0
17,1164,0
17,1165,0
17,1166,1
17,1167,0
17,1168,0
17,1169,0
17,1170,0
17,1171,0
17,1172,0
17,1173,0
17,1174,0
17,1175,0
17,1176,1
17,1177,0
17,1178,0
17,1179,0
17,1180,0
17,1181,0
17,1182,0
17,1183,0
17,1184,0
17,1185,0
17,1186,0
17,1187,0
17,1188,0
17,1189,0
17,1190,0
17,1191,0
17,1192,0
17,1193,1
17,1194,0
17,1195,0
17,1196,0
17,1197,0
17,1198,0
17,1199,1
18,1000,0
18,1001,0
18,1002,0
18,1003,0
18,1004,0
18,1005,0
18,1006,0
18,1007,0
18,1008,0
18,1009,1
18,1010,0
18,1011,0
18,1012,0
18,1013,0
18,1014,0
18,1015,0
18,1016,0
18,1017,0
18,1018,0
18,1019,0
18,1020,1
18,1021,0
18,1022,0
18,1023,0
18,1024,0
18,1025,1
18,1026,0
18,1027,0
18,1028,0
18,1029,0
18,1030,0
18,1031,0
18,1032,0
18,1033,0
18,1034,0
18,1035,0
18,1036,0
18,1037,0
18,1038,1
18,1039,0
18,1040,0
18,1041,0
18,1042,0
18,1043,0
18,1044,0
18,1045,0
18,1046,0
18,1047,0
18,1048,0
18,1049,0
18,1050,0
18,1051,0
18,1052,0
18,1053,0
18,1054,0
18,1055,0
18,1056,0
18,1057,0
18,1058,0
18,1059,0
18,1060,0
18,1061,0
18,1062,0
18,1063,1
18,1064,0
18,1065,0
18,1066,0
18,1067,0
18,1068,0
18,1069,0
18,1070,0
18,1071,0
18,1072,0
18,1073,0
18,1074,0
18,1075,1
18,1076,1
18,1077,0
18,1078,0
18,1079,0
18,1080,0
18,1081,0
18,1082,0
18,1083,0
18,1084,0
18,1085,0
18,1086,0
18,1087,1
18,1088,0
18,1089,0
18,1090,0
18,1091,0
18,1092,0
18,1093,0
18,1094,0
18,1095,0
18,1096,0
18,1097,0
18,1098,0
18,1099,0
18,1100,0
18,1101,0
18,1102,0
18,1103,0
18,1104,0
18,1105,0
18,1106,0
18,1107,1
18,1108,0
18,1109,0
18,1110,0
18,1111,0
18,1112,0
18,1113,0
18,1114,0
18,1115,0
18,1116,0
18,1117,0
18,1118,0
18,1119,0
18,1120,0
18,1121,0
18,1122,0
18,1123,0
18,1124,0
18,1125,0
18,1126,0
18,1127,0
18,1128,0
18,1129,0
18,1130,0
18,1131,0
18,1132,0
18,1133,0
18,1134,0
18,1135,0
18,1136,0
18,1137,0
18,1138,0
18,1139,0
18,1140,0
18,1141,0
18,1142,0
18,1143,0
18,1144,0
18,1145,0
18,1146,1
18,1147,0
18,1148,0
18,1149,0
18,1150,0
18,1151,0
18,1152,0
18,1153,0
18,1154,0
18,1155,0
18,1156,0
18,1157,1
18,1158,0
18,1159,0
18,1160,0
18,1161,0
18,1162,1
18,1163,0
18,1164,0
18,1165,0
18,1166,1
18,1167,0
18,1168,0
18,1169,0
18,1170,0
18,1171,0
18,1172,0
18,1173,0
18,1174,0
18,1175,0
18,1176,1
18,1177,0
18,1178,0
18,1179,0
18,1180,0
18,1181,0
18,1182,0
18,1183,0
18,1184,0
18,1185,0
18,1186,0
18,1187,0
18,1188,0
18,1189,0
18,1190,0
18,1191,0
18,1192,0
18,1193,1
18,1194,0
18,1195,0
18,1196,0
18,1197,0
18,1198,0
18,1199,1
19,1000,0
19,1001,0
19,1002,0
19,1003,0
19,1004,0
19,1005,0
19,1006,0
19,1007,0
19,1008,0
19,1009,1
19,1010,0
19,1011,0
19,1012,0
19,1013,0
19,1014,0
19,1015,0
19,1016,0
19,1017,0
19,1018,0
19,1019,0
19,1020,0
19,1021,0
19,1022,0
19,1023,0
19,1024,0
19,1025,1
19,1026,0
19,1027,0
19,1028,0
19,1029,0
19,1030,0
19,1031,0
19,1032,0
19,1033,0
19,1034,0
19,1035,0
19,1036,0
19,1037,0
19,1038,1
19,1039,0
19,1040,0
19,1041,0
19,1042,0
19,1043,0
19,1044,0
19,1045,0
19,1046,0
19,1047,0
19,1048,0
19,1049,0
19,1050,0
19,1051,0
19,1052,0
19,1053,0
19,1054,0
19,1055,0
19,1056,0
19,1057,0
19,1058,0
19,1059,0
19,1060,0
19,1061,0
19,1062,0
19,1063,0
19,1064,0
19,1065,0
19,1066,0
19,1067,0
19,1068,0
19,1069,0
19,1070,0
19,1071,0
19,1072,0
19,1073,0
19,1074,0
19,1075,0
19,1076,0
19,1077,0
19,1078,0
19,1079,0
19,1080,0
19,1081,0
19,1082,0
19,1083,0
19,1084,0
19,1085,0
19,1086,0
19,1087,0
19,1088,0
19,1089,0
19,1090,0
19,1091,1
19,1092,0
19,1093,0
19,1094,0
19,1095,0
19,1096,0
19,1097,0
19,1098,0
19,1099,0
19,1100,0
19,1101,0
19,1102,0
19,1103,0
19,1104,0
19,1105,0
19,1106,0
19,1107,0
19,1108,0
19,1109,0
19,1110,0
19,1111,0
19,1112,0
19,1113,0
19,1114,0
19,1115,0
19,1116,0
19,1117,0
19,1118,0
19,1119,0
19,1120,0
19,1121,0
19,1122,0
19,1123,0
19,1124,0
19,1125,0
19,1126,0
19,1127,0
19,1128,0
19,1129,0
19,1130,0
19,1131,0
19,1132,0
19,1133,0
19,1134,0
19,1135,0
19,1136,0
19,1137,0
19,1138,0
19,1139,0
19,1140,0
19,1141,0
19,1142,0
19,1143,0
19,1144,0
19,1145,0
19,1146,0
19,1147,0
19,1148,0
19,1149,0
19,1150,0
19,1151,0
19,1152,0
19,1153,0
19,1154,0
19,1155,0
19,1156,0
19,1157,0
19,1158,0
19,1159,0
19,1160,0
19,1161,0
19,1162,0
19,1163,0
19,1164,0
19,1165,0
19,1166,0
19,1167,0
19,1168,0
19,1169,0
19,1170,0
19,1171,0
19,1172,0
19,1173,0
19,1174,0
19,1175,0
19,1176,1
19,1177,0
19,1178,0
19,1179,0
19,1180,0
19,1181,0
19,1182,0
19,1183,0
19,1184,1
19,1185,0
19,1186,0
19,1187,0
19,1188,0
19,1189,0
19,1190,0
19,1191,0
19,1192,0
19,1193,1
19,1194,0
19,1195,0
19,1196,0
19,1197,0
19,1198,0
19,1199,1
20,1000,0
20,1001,0
20,1002,0
20,1003,0
20,1004,0
20,1005,0
20,1006,0
20,1007,0
20,1008,0
20,1009,0
20,1010,0
20,1011,1
20,1012,0
20,1013,0
20,1014,0
20,1015,0
20,1016,0
20,1017,0
20,1018,0
20,1019,0
20,1020,1
20,1021,0
20,1022,0
20,1023,0
20,1024,0
20,1025,0
20,1026,0
20,1027,0
20,1028,0
20,1029,0
20,1030,0
20,1031,0
20,1032,0
20,1033,1
20,1034,1
20,1035,1
20,1036,0
20,1037,0
20,1038,0
20,1039,0
20,1040,0
20,1041,0
20,1042,0
20,1043,0
20,1044,0
20,1045,0
20,1046,0
20,1047,0
20,1048,0
20,1049,0
20,1050,1
20,1051,0
20,1052,1
20,1053,1
20,1054,0
20,1055,0
20,1056,0
20,1057,0
20,1058,0
20,1059,0
20,1060,0
20,1061,0
20,1062,1
20,1063,0
20,1064,0
20,1065,0
20,1066,0
20,1067,1
20,1068,0
20,1069,1
20,1070,0
20,1071,0
20,1072,0
20,1073,1
20,1074,0
20,1075,1
20,1076,0
20,1077,0
20,1078,0
20,1079,0
20,1080,1
20,1081,0
20,1082,0
20,1083,0
20,1084,0
20,1085,0
20,1086,0
20,1087,0
20,1088,1
20,1089,0
20,1090,0
20,1091,0
20,1092,0
20,1093,0
20,1094,0
20,1095,0
20,1096,0
20,1097,0
20,1098,0
20,1099,0
20,1100,0
20,1101,0
20,1102,0
20,1103,0
20,1104,1
20,1105,0
20,1106,0
20,1107,0
20,1108,0
20,1109,0
20,1110,0
20,1111,0
20,1112,0
20,1113,0
20,1114,0
20,1115,1
20,1116,1
20,1117,0
20,1118,1
20,1119,0
20,1120,0
20,1121,1
20,1122,1
20,1123,0
20,1124,0
20,1125,0
20,1126,1
20,1127,1
20,1128,0
20,1129,0
20,1130,0
20,1131,0
20,1132,0
20,1133,0
20,1134,0
20,1135,0
20,1136,0
20,1137,0
20,1138,0
20,1139,0
20,1140,1
20,1141,1
20,1142,0
20,1143,0
20,1144,0
20,1145,0
20,1146,0
20,1147,0
20,1148,0
20,1149,0
20,1150,1
20,1151,0
20,1152,0
20,1153,0
20,1154,1
20,1155,0
20,1156,0
20,1157,0
20,1158,0
20,1159,0
20,1160,0
20,1161,0
20,1162,0
20,1163,0
20,1164,0
20,1165,0
20,1166,0
20,1167,0
20,1168,0
20,1169,0
20,1170,0
20,1171,0
20,1172,0
20,1173,0
20,1174,0
20,1175,0
20,1176,0
20,1177,0
20,1178,1
20,1179,0
20,1180,0
20,1181,0
20,1182,1
20,1183,1
20,1184,0
20,1185,0
20,1186,1
20,1187,0
20,1188,0
20,1189,0
20,1190,0
20,1191,0
20,1192,1
20,1193,0
20,1194,0
20,1195,0
20,1196,0
20,1197,0
20,1198,0
20,1199,0
21,1000,0
21,1001,0
21,1002,0
21,1003,0
21,1004,0
21,1005,0
21,1006,0
21,1007,1
21,1008,0
21,1009,0
21,1010,0
21,1011,1
21,1012,0
21,1013,0
21,1014,0
21,1015,0
21,1016,1
21,1017,0
21,1018,0
21,1019,0
21,1020,0
21,1021,0
21,1022,0
21,1023,0
21,1024,0
21,1025,0
21,1026,0
21,1027,0
21,1028,0
21,1029,0
21,1030,0
21,1031,0
21,1032,0
21,1033,0
21,1034,0
21,1035,0
21,1036,0
21,1037,0
21,1038,0
21,1039,0
21,1040,0
21,1041,0
21,1042,0
21,1043,0
21,1044,0
21,1045,0
21,1046,0
21,1047,0
21,1048,0
21,1049,0
21,1050,0
21,1051,0
21,1052,0
21,1053,1
21,1054,0
21,1055,0
21,1056,0
21,1057,0
21,1058,0
21,1059,0
21,1060,0
21,1061,0
21,1062,1
21,1063,0
21,1064,0
21,1065,0
21,1066,0
21,1067,1
21,1068,0
21,1069,1
21,1070,0
21,1071,0
21,1072,0
21,1073,0
21,1074,0
21,1075,1
21,1076,0
21,1077,0
21,1078,0
21,1079,1
21,1080,1
21,1081,0
21,1082,0
21,1083,0
21,1084,0
21,1085,0
21,1086,0
21,1087,0
21,1088,0
21,1089,0
21,1090,0
21,1091,0
21,1092,0
21,1093,0
21,1094,0
21,1095,0
21,1096,0
21,1097,0
21,1098,0
21,1099,0
21,1100,0
21,1101,1
21,1102,0
21,1103,0
21,1104,0
21,1105,0
21,1106,0
21,1107,0
21,1108,0
21,1109,0
21,1110,0
21,1111,0
21,1112,0
21,1113,0
21,1114,0
21,1115,1
21,1116,1
21,1117,0
21,1118,1
21,1119,0
21,1120,0
21,1121,1
21,1122,0
21,1123,0
21,1124,0
21,1125,0
21,1126,1
21,1127,0
21,1128,0
21,1129,0
21,1130,0
21,1131,0
21,1132,0
21,1133,0
21,1134,0
21,1135,0
21,1136,0
21,1137,0
21,1138,0
21,1139,0
21,1140,1
21,1141,0
21,1142,0
21,1143,0
21,1144,0
21,1145,0
21,1146,0
21,1147,0
21,1148,0
21,1149,0
21,1150,1
21,1151,0
21,1152,0
21,1153,0
21,1154,0
21,1155,0
21,1156,0
21,1157,0
21,1158,0
21,1159,0
21,1160,0
21,1161,0
21,1162,0
21,1163,0
21,1164,0
21,1165,0
21,1166,0
21,1167,0
21,1168,0
21,1169,0
21,1170,0
21,1171,0
21,1172,0
21,1173,0
21,1174,0
21,1175,0
21,1176,0
21,1177,0
21,1178,1
21,1179,0
21,1180,0
21,1181,0
21,1182,1
21,1183,1
21,1184,0
21,1185,0
21,1186,0
21,1187,0
21,1188,0
21,1189,0
21,1190,0
21,1191,0
21,1192,1
21,1193,0
21,1194,0
21,1195,0
21,1196,0
21,1197,0
21,1198,0
21,1199,0
22,1000,0
22,1001,0
22,1002,0
22,1003,0
22,1004,0
22,1005,0
22,1006,0
22,1007,1
22,1008,0
22,1009,0
22,1010,0
22,1011,1
22,1012,0
22,1013,0
22,1014,0
22,1015,0
22,1016,0
22,1017,0
22,1018,0
22,1019,0
22,1020,0
22,1021,0
22,1022,0
22,1023,0
22,1024,0
22,1025,0
22,1026,0
22,1027,0
22,1028,0
22,1029,0
22,1030,0
22,1031,0
22,1032,0
22,1033,0
22,1034,0
22,1035,0
22,1036,0
22,1037,0
22,1038,0
22,1039,0
22,1040,0
22,1041,0
22,1042,0
22,1043,0
22,1044,0
22,1045,0
22,1046,0
22,1047,0
22,1048,0
22,1049,0
22,1050,0
22,1051,1
22,1052,0
22,1053,1
22,1054,0
22,1055,0
22,1056,0
22,1057,0
22,1058,0
22,1059,0
22,1060,0
22,1061,0
22,1062,0
22,1063,0
22,1064,0
22,1065,0
22,1066,0
22,1067,1
22,1068,0
22,1069,1
22,1070,0
22,1071,0
22,1072,0
22,1073,0
22,1074,0
22,1075,0
22,1076,0
22,1077,0
22,1078,0
22,1079,0
22,1080,1
22,1081,0
22,1082,0
22,1083,0
22,1084,0
22,1085,0
22,1086,0
22,1087,0
22,1088,0
22,1089,0
22,1090,0
22,1091,0
22,1092,0
22,1093,0
22,1094,0
22,1095,0
22,1096,0
22,1097,0
22,1098,0
22,1099,0
22,1100,0
22,1101,0
22,1102,0
22,1103,0
22,1104,1
22,1105,0
22,1106,0
22,1107,0
22,1108,0
22,1109,0
22,1110,0
22,1111,0
22,1112,0
22,1113,0
22,1114,0
22,1115,1
22,1116,1
22,1117,0
22,1118,1
22,1119,1
22,1120,0
22,1121,1
22,1122,0
22,1123,0
22,1124,0
22,1125,0
22,1126,1
22,1127,0
22,1128,0
22,1129,0
22,1130,1
22,1131,0
22,1132,0
22,1133,0
22,1134,0
22,1135,0
22,1136,0
22,1137,0
22,1138,0
22,1139,0
22,1140,1
22,1141,0
22,1142,0
22,1143,0
22,1144,0
22,1145,1
22,1146,0
22,1147,0
22,1148,0
22,1149,0
22,1150,1
22,1151,0
22,1152,0
22,1153,0
22,1154,0
22,1155,0
22,1156,0
22,1157,0
22,1158,0
22,1159,0
22,1160,0
22,1161,0
22,1162,0
22,1163,0
22,1164,0
22,1165,0
22,1166,0
22,1167,0
22,1168,0
22,1169,0
22,1170,0
22,1171,0
22,1172,0
22,1173,0
22,1174,0
22,1175,0
22,1176,0
22,1177,0
22,1178,1
22,1179,0
22,1180,0
22,1181,0
22,1182,1
22,1183,1
22,1184,0
22,1185,0
22,1186,0
22,1187,0
22,1188,0
22,1189,0
22,1190,0
22,1191,0
22,1192,1
22,1193,0
22,1194,0
22,1195,0
22,1196,0
22,1197,0
22,1198,0
22,1199,0
23,1000,0
23,1001,0
23,1002,0
23,1003,1
23,1004,0
23,1005,0
23,1006,0
23,1007,0
23,1008,0
23,1009,0
23,1010,0
23,1011,0
23,1012,0
23,1013,0
23,1014,0
23,1015,0
23,1016,1
23,1017,1
23,1018,1
23,1019,0
23,1020,0
23,1021,0
23,1022,0
23,1023,0
23,1024,1
23,1025,0
23,1026,0
23,1027,0
23,1028,0
23,1029,0
23,1030,0
23,1031,0
23,1032,0
23,1033,0
23,1034,1
23,1035,0
23,1036,0
23,1037,0
23,1038,0
23,1039,1
23,1040,0
23,1041,1
23,1042,0
23,1043,0
23,1044,0
23,1045,0
23,1046,0
23,1047,1
23,1048,1
23,1049,0
23,1050,0
23,1051,0
23,1052,0
23,1053,0
23,1054,1
23,1055,0
23,1056,0
23,1057,0
23,1058,0
23,1059,0
23,1060,1
23,1061,0
23,1062,0
23,1063,0
23,1064,0
23,1065,1
23,1066,0
23,1067,0
23,1068,0
23,1069,0
23,1070,0
23,1071,0
23,1072,0
23,1073,0
23,1074,0
23,1075,0
23,1076,0
23,1077,0
23,1078,0
23,1079,0
23,1080,0
23,1081,0
23,1082,0
23,1083,0
23,1084,0
23,1085,0
23,1086,0
23,1087,0
23,1088,0
23,1089,1
23,1090,0
23,1091,0
23,1092,0
23,1093,1
23,1094,0
23,1095,0
23,1096,0
23,1097,0
23,1098,0
23,1099,0
23,1100,0
23,1101,0
23,1102,1
23,1103,1
23,1104,0
23,1105,0
23,1106,1
23,1107,0
23,1108,0
23,1109,0
23,1110,0
23,1111,0
23,1112,0
23,1113,0
23,1114,0
23,1115,0
23,1116,0
23,1117,0
23,1118,0
23,1119,1
23,1120,0
23,1121,0
23,1122,0
23,1123,0
23,1124,0
23,1125,1
23,1126,0
23,1127,0
23,1128,0
23,1129,1
23,1130,1
23,1131,0
23,1132,0
23,1133,0
23,1134,0
23,1135,0
23,1136,1
23,1137,0
23,1138,0
23,1139,0
23,1140,0
23,1141,0
23,1142,1
23,1143,0
23,1144,0
23,1145,0
23,1146,0
23,1147,0
23,1148,0
23,1149,0
23,1150,0
23,1151,0
23,1152,0
23,1153,1
23,1154,0
23,1155,0
23,1156,0
23,1157,0
23,1158,0
23,1159,0
23,1160,0
23,1161,0
23,1162,0
23,1163,0
23,1164,0
23,1165,0
23,1166,0
23,1167,0
23,1168,0
23,1169,0
23,1170,0
23,1171,0
23,1172,1
23,1173,0
23,1174,1
23,1175,0
23,1176,0
23,1177,0
23,1178,0
23,1179,0
23,1180,0
23,1181,0
23,1182,0
23,1183,0
23,1184,0
23,1185,0
23,1186,0
23,1187,1
23,1188,0
23,1189,0
23,1190,0
23,1191,0
23,1192,0
23,1193,0
23,1194,0
23,1195,0
23,1196,0
23,1197,0
23,1198,0
23,1199,0
24,1000,0
24,1001,0
24,1002,0
24,1003,0
24,1004,0
24,1005,0
24,1006,0
24,1007,0
24,1008,0
24,1009,0
24,1010,0
24,1011,0
24,1012,0
24,1013,0
24,1014,0
24,1015,0
24,1016,0
24,1017,1
24,1018,1
24,1019,0
24,1020,0
24,1021,0
24,1022,0
24,1023,0
24,1024,1
24,1025,0
24,1026,0
24,1027,1
24,1028,0
24,1029,0
24,1030,0
24,1031,0
24,1032,0
24,1033,1
24,1034,0
24,1035,0
24,1036,0
24,1037,0
24,1038,0
24,1039,1
24,1040,0
24,1041,1
24,1042,0
24,1043,0
24,1044,0
24,1045,0
24,1046,0
24,1047,1
24,1048,0
24,1049,0
24,1050,0
24,1051,0
24,1052,0
24,1053,0
24,1054,1
24,1055,0
24,1056,0
24,1057,0
24,1058,0
24,1059,0
24,1060,0
24,1061,0
24,1062,0
24,1063,0
24,1064,0
24,1065,0
24,1066,0
24,1067,0
24,1068,1
24,1069,0
24,1070,0
24,1071,0
24,1072,0
24,1073,0
24,1074,0
24,1075,1
24,1076,0
24,1077,0
24,1078,0
24,1079,0
24,1080,0
24,1081,0
24,1082,0
24,1083,0
24,1084,0
24,1085,0
24,1086,0
24,1087,0
24,1088,0
24,1089,1
24,1090,0
24,1091,0
24,1092,0
24,1093,1
24,1094,0
24,1095,1
24,1096,1
24,1097,1
24,1098,0
24,1099,0
24,1100,0
24,1101,0
24,1102,0
24,1103,1
24,1104,0
24,1105,0
24,1106,1
24,1107,0
24,1108,0
24,1109,0
24,1110,0
24,1111,0
24,1112,0
24,1113,0
24,1114,0
24,1115,0
24,1116,0
24,1117,0
24,1118,0
24,1119,1
24,1120,0
24,1121,0
24,1122,0
24,1123,0
24,1124,0
24,1125,1
24,1126,0
24,1127,0
24,1128,0
24,1129,1
24,1130,1
24,1131,0
24,1132,0
24,1133,0
24,1134,0
24,1135,0
24,1136,1
24,1137,0
24,1138,0
24,1139,0
24,1140,0
24,1141,0
24,1142,0
24,1143,0
24,1144,0
24,1145,0
24,1146,0
24,1147,0
24,1148,0
24,1149,0
24,1150,0
24,1151,0
24,1152,0
24,1153,1
24,1154,0
24,1155,0
24,1156,0
24,1157,0
24,1158,0
24,1159,0
24,1160,0
24,1161,0
24,1162,0
24,1163,1
24,1164,0
24,1165,0
24,1166,0
24,1167,0
24,1168,0
24,1169,1
24,1170,0
24,1171,0
24,1172,1
24,1173,0
24,1174,0
24,1175,0
24,1176,0
24,1177,0
24,1178,0
24,1179,0
24,1180,0
24,1181,0
24,1182,0
24,1183,0
24,1184,0
24,1185,0
24,1186,0
24,1187,1
24,1188,0
24,1189,0
24,1190,0
24,1191,0
24,1192,0
24,1193,0
24,1194,0
24,1195,0
24,1196,0
24,1197,0
24,1198,0
24,1199,0
25,1000,0
25,1001,0
25,1002,0
25,1003,1
25,1004,0
25,1005,0
25,1006,0
25,1007,0
25,1008,1
25,1009,0
25,1010,0
25,1011,0
25,1012,0
25,1013,0
25,1014,0
25,1015,0
25,1016,0
25,1017,1
25,1018,1
25,1019,0
25,1020,0
25,1021,0
25,1022,1
25,1023,0
25,1024,0
25,1025,0
25,1026,0
25,1027,1
25,1028,1
25,1029,0
25,1030,0
25,1031,0
25,1032,1
25,1033,0
25,1034,0
25,1035,0
25,1036,0
25,1037,0
25,1038,0
25,1039,0
25,1040,1
25,1041,1
25,1042,0
25,1043,0
25,1044,0
25,1045,0
25,1046,0
25,1047,1
25,1048,0
25,1049,0
25,1050,0
25,1051,0
25,1052,0
25,1053,0
25,1054,1
25,1055,0
25,1056,0
25,1057,0
25,1058,0
25,1059,0
25,1060,0
25,1061,0
25,1062,0
25,1063,0
25,1064,0
25,1065,1
25,1066,0
25,1067,0
25,1068,0
25,1069,0
25,1070,0
25,1071,0
25,1072,0
25,1073,0
25,1074,0
25,1075,0
25,1076,0
25,1077,0
25,1078,1
25,1079,0
25,1080,0
25,1081,0
25,1082,0
25,1083,0
25,1084,0
25,1085,0
25,1086,0
25,1087,0
25,1088,0
25,1089,1
25,1090,0
25,1091,0
25,1092,0
25,1093,0
25,1094,1
25,1095,1
25,1096,1
25,1097,0
25,1098,0
25,1099,0
25,1100,0
25,1101,0
25,1102,0
25,1103,0
25,1104,0
25,1105,0
25,1106,0
25,1107,0
25,1108,0
25,1109,0
25,1110,0
25,1111,0
25,1112,0
25,1113,0
25,1114,0
25,1115,0
25,1116,0
25,1117,0
25,1118,0
25,1119,1
25,1120,0
25,1121,0
25,1122,0
25,1123,0
25,1124,0
25,1125,1
25,1126,0
25,1127,0
25,1128,0
25,1129,1
25,1130,1
25,1131,0
25,1132,0
25,1133,0
25,1134,0
25,1135,0
25,1136,1
25,1137,0
25,1138,0
25,1139,0
25,1140,0
25,1141,0
25,1142,1
25,1143,0
25,1144,0
25,1145,0
25,1146,1
25,1147,0
25,1148,0
25,1149,0
25,1150,0
25,1151,0
25,1152,0
25,1153,1
25,1154,0
25,1155,0
25,1156,0
25,1157,0
25,1158,0
25,1159,0
25,1160,0
25,1161,0
25,1162,0
25,1163,1
25,1164,0
25,1165,0
25,1166,0
25,1167,0
25,1168,0
25,1169,1
25,1170,0
25,1171,0
25,1172,0
25,1173,0
25,1174,0
25,1175,0
25,1176,0
25,1177,0
25,1178,0
25,1179,0
25,1180,0
25,1181,0
25,1182,0
25,1183,0
25,1184,0
25,1185,0
25,1186,0
25,1187,1
25,1188,0
25,1189,0
25,1190,0
25,1191,0
25,1192,0
25,1193,0
25,1194,0
25,1195,0
25,1196,0
25,1197,0
25,1198,1
25,1199,0
26,1000,0
26,1001,0
26,1002,0
26,1003,0
26,1004,0
26,1005,0
26,1006,0
26,1007,0
26,1008,0
26,1009,0
26,1010,0
26,1011,0
26,1012,0
26,1013,0
26,1014,0
26,1015,0
26,1016,0
26,1017,1
26,1018,1
26,1019,0
26,1020,0
26,1021,0
26,1022,0
26,1023,0
26,1024,0
26,1025,0
26,1026,0
26,1027,1
26,1028,1
26,1029,0
26,1030,0
26,1031,0
26,1032,0
26,1033,0
26,1034,0
26,1035,0
26,1036,0
26,1037,0
26,1038,0
26,1039,1
26,1040,0
26,1041,0
26,1042,0
26,1043,0
26,1044,0
26,1045,0
26,1046,0
26,1047,0
26,1048,0
26,1049,0
26,1050,0
26,1051,0
26,1052,0
26,1053,0
26,1054,0
26,1055,0
26,1056,0
26,1057,0
26,1058,0
26,1059,0
26,1060,0
26,1061,0
26,1062,0
26,1063,0
26,1064,0
26,1065,0
26,1066,0
26,1067,0
26,1068,0
26,1069,0
26,1070,0
26,1071,0
26,1072,0
26,1073,0
26,1074,0
26,1075,0
26,1076,0
26,1077,0
26,1078,0
26,1079,0
26,1080,0
26,1081,0
26,1082,0
26,1083,0
26,1084,0
26,1085,0
26,1086,0
26,1087,0
26,1088,0
26,1089,1
26,1090,0
26,1091,0
26,1092,0
26,1093,0
26,1094,0
26,1095,1
26,1096,0
26,1097,1
26,1098,0
26,1099,0
26,1100,0
26,1101,0
26,1102,0
26,1103,1
26,1104,0
26,1105,0
26,1106,0
26,1107,0
26,1108,0
26,1109,0
26,1110,0
26,1111,0
26,1112,0
26,1113,0
26,1114,0
26,1115,0
26,1116,0
26,1117,0
26,1118,0
26,1119,1
26,1120,0
26,1121,0
26,1122,0
26,1123,0
26,1124,0
26,1125,1
26,1126,0
26,1127,0
26,1128,0
26,1129,1
26,1130,0
26,1131,0
26,1132,0
26,1133,0
26,1134,0
26,1135,0
26,1136,1
26,1137,0
26,1138,0
26,1139,0
26,1140,0
26,1141,0
26,1142,0
26,1143,0
26,1144,0
26,1145,0
26,1146,0
26,1147,0
26,1148,0
26,1149,0
26,1150,0
26,1151,0
26,1152,0
26,1153,0
26,1154,0
26,1155,0
26,1156,0
26,1157,0
26,1158,0
26,1159,0
26,1160,0
26,1161,0
26,1162,0
26,1163,1
26,1164,0
26,1165,0
26,1166,0
26,1167,0
26,1168,0
26,1169,0
26,1170,0
26,1171,0
26,1172,0
26,1173,0
26,1174,0
26,1175,0
26,1176,0
26,1177,0
26,1178,0
26,1179,0
26,1180,0
26,1181,0
26,1182,0
26,1183,0
26,1184,0
26,1185,0
26,1186,0
26,1187,0
26,1188,0
26,1189,0
26,1190,0
26,1191,0
26,1192,0
26,1193,0
26,1194,0
26,1195,0
26,1196,0
26,1197,0
26,1198,0
26,1199,0
27,1000,0
27,1001,0
27,1002,0
27,1003,0
27,1004,1
27,1005,0
27,1006,0
27,1007,0
27,1008,0
27,1009,1
27,1010,0
27,1011,0
27,1012,0
27,1013,0
27,1014,0
27,1015,0
27,1016,0
27,1017,0
27,1018,0
27,1019,0
27,1020,0
27,1021,0
27,1022,0
27,1023,0
27,1024,0
27,1025,0
27,1026,0
27,1027,0
27,1028,0
27,1029,0
27,1030,0
27,1031,0
27,1032,0
27,1033,0
27,1034,0
27,1035,0
27,1036,0
27,1037,0
27,1038,1
27,1039,0
27,1040,0
27,1041,0
27,1042,0
27,1043,0
27,1044,0
27,1045,0
27,1046,0
27,1047,0
27,1048,0
27,1049,0
27,1050,0
27,1051,0
27,1052,0
27,1053,0
27,1054,0
27,1055,0
27,1056,0
27,1057,0
27,1058,0
27,1059,0
27,1060,0
27,1061,0
27,1062,0
27,1063,0
27,1064,0
27,1065,0
27,1066,0
27,1067,0
27,1068,0
27,1069,0
27,1070,0
27,1071,0
27,1072,0
27,1073,0
27,1074,0
27,1075,1
27,1076,1
27,1077,0
27,1078,0
27,1079,0
27,1080,0
27,1081,0
27,1082,0
27,1083,0
27,1084,0
27,1085,0
27,1086,0
27,1087,1
27,1088,0
27,1089,0
27,1090,0
27,1091,1
27,1092,0
27,1093,0
27,1094,0
27,1095,0
27,1096,0
27,1097,0
27,1098,0
27,1099,0
27,1100,0
27,1101,0
27,1102,0
27,1103,0
27,1104,0
27,1105,0
27,1106,0
27,1107,1
27,1108,0
27,1109,0
27,1110,0
27,1111,0
27,1112,0
27,1113,0
27,1114,0
27,1115,0
27,1116,0
27,1117,0
27,1118,0
27,1119,0
27,1120,0
27,1121,0
27,1122,0
27,1123,0
27,1124,0
27,1125,0
27,1126,0
27,1127,0
27,1128,0
27,1129,1
27,1130,0
27,1131,0
27,1132,0
27,1133,0
27,1134,0
27,1135,0
27,1136,0
27,1137,0
27,1138,0
27,1139,0
27,1140,0
27,1141,0
27,1142,0
27,1143,0
27,1144,0
27,1145,0
27,1146,1
27,1147,0
27,1148,1
27,1149,0
27,1150,0
27,1151,0
27,1152,0
27,1153,0
27,1154,0
27,1155,0
27,1156,0
27,1157,0
27,1158,0
27,1159,0
27,1160,0
27,1161,1
27,1162,1
27,1163,0
27,1164,0
27,1165,0
27,1166,0
27,1167,0
27,1168,0
27,1169,0
27,1170,0
27,1171,0
27,1172,0
27,1173,1
27,1174,0
27,1175,0
27,1176,1
27,1177,1
27,1178,1
27,1179,0
27,1180,0
27,1181,0
27,1182,0
27,1183,0
27,1184,0
27,1185,0
27,1186,0
27,1187,0
27,1188,0
27,1189,0
27,1190,0
27,1191,0
27,1192,0
27,1193,1
27,1194,0
27,1195,0
27,1196,0
27,1197,0
27,1198,0
27,1199,1
28,1000,0
28,1001,0
28,1002,1
28,1003,0
28,1004,0
28,1005,0
28,1006,0
28,1007,0
28,1008,1
28,1009,1
28,1010,0
28,1011,0
28,1012,0
28,1013,0
28,1014,0
28,1015,0
28,1016,0
28,1017,0
28,1018,0
28,1019,0
28,1020,0
28,1021,0
28,1022,0
28,1023,1
28,1024,0
28,1025,1
28,1026,0
28,1027,0
28,1028,0
28,1029,0
28,1030,1
28,1031,0
28,1032,0
28,1033,0
28,1034,0
28,1035,0
28,1036,0
28,1037,0
28,1038,1
28,1039,0
28,1040,0
28,1041,0
28,1042,0
28,1043,0
28,1044,0
28,1045,1
28,1046,0
28,1047,0
28,1048,0
28,1049,0
28,1050,0
28,1051,1
28,1052,0
28,1053,0
28,1054,0
28,1055,0
28,1056,0
28,1057,0
28,1058,0
28,1059,0
28,1060,0
28,1061,0
28,1062,0
28,1063,0
28,1064,0
28,1065,0
28,1066,0
28,1067,0
28,1068,0
28,1069,0
28,1070,0
28,1071,0
28,1072,0
28,1073,0
28,1074,1
28,1075,0
28,1076,1
28,1077,0
28,1078,0
28,1079,0
28,1080,0
28,1081,1
28,1082,0
28,1083,0
28,1084,0
28,1085,0
28,1086,1
28,1087,0
28,1088,0
28,1089,0
28,1090,0
28,1091,1
28,1092,1
28,1093,0
28,1094,1
28,1095,0
28,1096,0
28,1097,0
28,1098,0
28,1099,0
28,1100,0
28,1101,1
28,1102,0
28,1103,0
28,1104,0
28,1105,0
28,1106,0
28,1107,1
28,1108,0
28,1109,0
28,1110,0
28,1111,0
28,1112,0
28,1113,0
28,1114,1
28,1115,0
28,1116,0
28,1117,0
28,1118,0
28,1119,0
28,1120,0
28,1121,0
28,1122,0
28,1123,0
28,1124,0
28,1125,0
28,1126,0
28,1127,1
28,1128,0
28,1129,0
28,1130,0
28,1131,1
28,1132,0
28,1133,0
28,1134,0
28,1135,0
28,1136,0
28,1137,1
28,1138,0
28,1139,0
28,1140,0
28,1141,0
28,1142,0
28,1143,0
28,1144,0
28,1145,0
28,1146,1
28,1147,0
28,1148,0
28,1149,0
28,1150,0
28,1151,0
28,1152,0
28,1153,0
28,1154,0
28,1155,0
28,1156,0
28,1157,1
28,1158,0
28,1159,0
28,1160,0
28,1161,1
28,1162,1
28,1163,0
28,1164,0
28,1165,0
28,1166,0
28,1167,0
28,1168,0
28,1169,0
28,1170,0
28,1171,0
28,1172,0
28,1173,0
28,1174,1
28,1175,0
28,1176,0
28,1177,0
28,1178,0
28,1179,0
28,1180,0
28,1181,0
28,1182,0
28,1183,0
28,1184,0
28,1185,1
28,1186,0
28,1187,0
28,1188,0
28,1189,1
28,1190,0
28,1191,0
28,1192,0
28,1193,1
28,1194,0
28,1195,0
28,1196,1
28,1197,0
28,1198,0
28,1199,1
29,1000,0
29,1001,0
29,1002,0
29,1003,0
29,1004,0
29,1005,0
29,1006,0
29,1007,0
29,1008,0
29,1009,0
29,1010,0
29,1011,0
29,1012,0
29,1013,0
29,1014,0
29,1015,0
29,1016,0
29,1017,0
29,1018,0
29,1019,0
29,1020,0
29,1021,0
29,1022,0
29,1023,0
29,1024,0
29,1025,1
29,1026,0
29,1027,0
29,1028,0
29,1029,0
29,1030,0
29,1031,0
29,1032,0
29,1033,0
29,1034,0
29,1035,0
29,1036,0
29,1037,0
29,1038,1
29,1039,0
29,1040,0
29,1041,0
29,1042,0
29,1043,0
29,1044,0
29,1045,0
29,1046,0
29,1047,0
29,1048,0
29,1049,0
29,1050,0
29,1051,0
29,1052,0
29,1053,0
29,1054,0
29,1055,0
29,1056,0
29,1057,1
29,1058,0
29,1059,0
29,1060,0
29,1061,0
29,1062,0
29,1063,0
29,1064,0
29,1065,0
29,1066,0
29,1067,0
29,1068,0
29,1069,0
29,1070,0
29,1071,0
29,1072,0
29,1073,0
29,1074,0
29,1075,1
29,1076,1
29,1077,0
29,1078,0
29,1079,0
29,1080,0
29,1081,0
29,1082,0
29,1083,0
29,1084,0
29,1085,0
29,1086,0
29,1087,0
29,1088,0
29,1089,1
29,1090,0
29,1091,1
29,1092,0
29,1093,0
29,1094,0
29,1095,0
29,1096,0
29,1097,0
29,1098,0
29,1099,0
29,1100,0
29,1101,0
29,1102,0
29,1103,0
29,1104,0
29,1105,0
29,1106,0
29,1107,1
29,1108,0
29,1109,0
29,1110,0
29,1111,0
29,1112,0
29,1113,0
29,1114,0
29,1115,0
29,1116,0
29,1117,1
29,1118,1
29,1119,0
29,1120,0
29,1121,0
29,1122,0
29,1123,0
29,1124,0
29,1125,0
29,1126,1
29,1127,0
29,1128,0
29,1129,0
29,1130,0
29,1131,0
29,1132,0
29,1133,0
29,1134,0
29,1135,0
29,1136,0
29,1137,0
29,1138,0
29,1139,0
29,1140,0
29,1141,0
29,1142,0
29,1143,0
29,1144,0
29,1145,0
29,1146,0
29,1147,0
29,1148,0
29,1149,0
29,1150,0
29,1151,0
29,1152,0
29,1153,0
29,1154,0
29,1155,0
29,1156,0
29,1157,1
29,1158,0
29,1159,0
29,1160,0
29,1161,0
29,1162,1
29,1163,0
29,1164,1
29,1165,0
29,1166,0
29,1167,0
29,1168,0
29,1169,0
29,1170,0
29,1171,0
29,1172,0
29,1173,0
29,1174,0
29,1175,0
29,1176,1
29,1177,0
29,1178,0
29,1179,0
29,1180,0
29,1181,1
29,1182,0
29,1183,0
29,1184,0
29,1185,0
29,1186,0
29,1187,0
29,1188,0
29,1189,0
29,1190,0
29,1191,0
29,1192,0
29,1193,0
29,1194,0
29,1195,0
29,1196,0
29,1197,0
29,1198,0
29,1199,1
30,1000,0
30,1001,0
30,1002,0
30,1003,0
30,1004,0
30,1005,0
30,1006,0
30,1007,0
30,1008,0
30,1009,0
30,1010,0
30,1011,0
30,1012,0
30,1013,0
30,1014,1
30,1015,0
30,1016,0
30,1017,0
30,1018,0
30,1019,0
30,1020,0
30,1021,1
30,1022,0
30,1023,1
30,1024,0
30,1025,0
30,1026,0
30,1027,0
30,1028,0
30,1029,0
30,1030,0
30,1031,1
30,1032,0
30,1033,0
30,1034,0
30,1035,0
30,1036,0
30,1037,0
30,1038,0
30,1039,0
30,1040,0
30,1041,0
30,1042,1
30,1043,0
30,1044,0
30,1045,0
30,1046,0
30,1047,0
30,1048,0
30,1049,0
30,1050,0
30,1051,0
30,1052,0
30,1053,0
30,1054,0
30,1055,0
30,1056,0
30,1057,0
30,1058,0
30,1059,0
30,1060,0
30,1061,0
30,1062,0
30,1063,0
30,1064,0
30,1065,1
30,1066,1
30,1067,0
30,1068,1
30,1069,0
30,1070,0
30,1071,1
30,1072,0
30,1073,0
30,1074,0
30,1075,0
30,1076,0
30,1077,0
30,1078,0
30,1079,0
30,1080,0
30,1081,0
30,1082,1
30,1083,1
30,1084,1
30,1085,0
30,1086,0
30,1087,0
30,1088,0
30,1089,0
30,1090,0
30,1091,0
30,1092,0
30,1093,0
30,1094,0
30,1095,0
30,1096,0
30,1097,0
30,1098,0
30,1099,0
30,1100,0
30,1101,0
30,1102,0
30,1103,0
30,1104,0
30,1105,0
30,1106,0
30,1107,0
30,1108,0
30,1109,0
30,1110,0
30,1111,0
30,1112,0
30,1113,0
30,1114,0
30,1115,0
30,1116,0
30,1117,0
30,1118,0
30,1119,0
30,1120,0
30,1121,0
30,1122,0
30,1123,0
30,1124,0
30,1125,0
30,1126,0
30,1127,0
30,1128,0
30,1129,0
30,1130,0
30,1131,1
30,1132,0
30,1133,0
30,1134,0
30,1135,0
30,1136,0
30,1137,0
30,1138,0
30,1139,0
30,1140,0
30,1141,1
30,1142,0
30,1143,1
30,1144,1
30,1145,0
30,1146,0
30,1147,0
30,1148,0
30,1149,0
30,1150,0
30,1151,0
30,1152,0
30,1153,0
30,1154,0
30,1155,0
30,1156,0
30,1157,0
30,1158,0
30,1159,0
30,1160,1
30,1161,0
30,1162,0
30,1163,0
30,1164,0
30,1165,0
30,1166,0
30,1167,0
30,1168,0
30,1169,0
30,1170,0
30,1171,0
30,1172,0
30,1173,0
30,1174,0
30,1175,0
30,1176,0
30,1177,0
30,1178,0
30,1179,1
30,1180,0
30,1181,0
30,1182,0
30,1183,0
30,1184,0
30,1185,0
30,1186,0
30,1187,0
30,1188,0
30,1189,1
30,1190,0
30,1191,0
30,1192,0
30,1193,0
30,1194,0
30,1195,0
30,1196,0
30,1197,0
30,1198,1
30,1199,0
31,1000,0
31,1001,1
31,1002,0
31,1003,0
31,1004,0
31,1005,0
31,1006,0
31,1007,1
31,1008,0
31,1009,0
31,1010,0
31,1011,1
31,1012,1
31,1013,0
31,1014,0
31,1015,0
31,1016,0
31,1017,0
31,1018,0
31,1019,0
31,1020,0
31,1021,0
31,1022,0
31,1023,0
31,1024,0
31,1025,0
31,1026,0
31,1027,0
31,1028,0
31,1029,0
31,1030,0
31,1031,0
31,1032,0
31,1033,0
31,1034,1
31,1035,1
31,1036,0
31,1037,0
31,1038,0
31,1039,0
31,1040,0
31,1041,0
31,1042,0
31,1043,1
31,1044,1
31,1045,0
31,1046,0
31,1047,0
31,1048,0
31,1049,0
31,1050,1
31,1051,0
31,1052,1
31,1053,1
31,1054,0
31,1055,1
31,1056,0
31,1057,0
31,1058,0
31,1059,0
31,1060,0
31,1061,0
31,1062,0
31,1063,0
31,1064,0
31,1065,0
31,1066,0
31,1067,1
31,1068,0
31,1069,1
31,1070,0
31,1071,0
31,1072,0
31,1073,1
31,1074,0
31,1075,0
31,1076,0
31,1077,0
31,1078,0
31,1079,0
31,1080,1
31,1081,0
31,1082,0
31,1083,0
31,1084,1
31,1085,0
31,1086,0
31,1087,0
31,1088,1
31,1089,0
31,1090,0
31,1091,0
31,1092,0
31,1093,0
31,1094,0
31,1095,0
31,1096,0
31,1097,0
31,1098,0
31,1099,0
31,1100,0
31,1101,0
31,1102,0
31,1103,0
31,1104,0
31,1105,0
31,1106,0
31,1107,0
31,1108,0
31,1109,0
31,1110,0
31,1111,0
31,1112,0
31,1113,1
31,1114,0
31,1115,1
31,1116,1
31,1117,0
31,1118,1
31,1119,0
31,1120,1
31,1121,1
31,1122,0
31,1123,0
31,1124,0
31,1125,1
31,1126,1
31,1127,1
31,1128,0
31,1129,0
31,1130,0
31,1131,0
31,1132,0
31,1133,0
31,1134,0
31,1135,0
31,1136,0
31,1137,0
31,1138,0
31,1139,1
31,1140,1
31,1141,0
31,1142,0
31,1143,0
31,1144,0
31,1145,0
31,1146,0
31,1147,0
31,1148,0
31,1149,0
31,1150,1
31,1151,0
31,1152,0
31,1153,0
31,1154,0
31,1155,0
31,1156,0
31,1157,0
31,1158,0
31,1159,0
31,1160,0
31,1161,0
31,1162,0
31,1163,0
31,1164,0
31,1165,1
31,1166,0
31,1167,0
31,1168,0
31,1169,0
31,1170,0
31,1171,0
31,1172,0
31,1173,0
31,1174,0
31,1175,0
31,1176,0
31,1177,0
31,1178,1
31,1179,0
31,1180,0
31,1181,0
31,1182,1
31,1183,1
31,1184,0
31,1185,0
31,1186,1
31,1187,0
31,1188,0
31,1189,0
31,1190,0
31,1191,0
31,1192,1
31,1193,0
31,1194,0
31,1195,0
31,1196,0
31,1197,1
31,1198,1
31,1199,0
32,1000,0
32,1001,0
32,1002,0
32,1003,1
32,1004,0
32,1005,0
32,1006,0
32,1007,0
32,1008,0
32,1009,0
32,1010,0
32,1011,0
32,1012,0
32,1013,0
32,1014,0
32,1015,0
32,1016,0
32,1017,0
32,1018,1
32,1019,0
32,1020,0
32,1021,0
32,1022,0
32,1023,0
32,1024,0
32,1025,0
32,1026,0
32,1027,1
32,1028,1
32,1029,0
32,1030,0
32,1031,0
32,1032,0
32,1033,0
32,1034,0
32,1035,0
32,1036,0
32,1037,0
32,1038,0
32,1039,0
32,1040,0
32,1041,0
32,1042,0
32,1043,0
32,1044,0
32,1045,0
32,1046,0
32,1047,0
32,1048,0
32,1049,0
32,1050,0
32,1051,0
32,1052,0
32,1053,0
32,1054,0
32,1055,0
32,1056,0
32,1057,0
32,1058,0
32,1059,0
32,1060,0
32,1061,0
32,1062,0
32,1063,0
32,1064,0
32,1065,0
32,1066,0
32,1067,0
32,1068,0
32,1069,0
32,1070,0
32,1071,0
32,1072,0
32,1073,0
32,1074,0
32,1075,0
32,1076,0
32,1077,0
32,1078,0
32,1079,0
32,1080,0
32,1081,0
32,1082,0
32,1083,0
32,1084,0
32,1085,0
32,1086,0
32,1087,0
32,1088,0
32,1089,1
32,1090,0
32,1091,0
32,1092,0
32,1093,0
32,1094,0
32,1095,0
32,1096,1
32,1097,1
32,1098,0
32,1099,0
32,1100,0
32,1101,0
32,1102,0
32,1103,1
32,1104,0
32,1105,0
32,1106,1
32,1107,0
32,1108,0
32,1109,0
32,1110,0
32,1111,0
32,1112,0
32,1113,0
32,1114,0
32,1115,0
32,1116,0
32,1117,0
32,1118,0
32,1119,0
32,1120,0
32,1121,0
32,1122,0
32,1123,0
32,1124,0
32,1125,1
32,1126,0
32,1127,0
32,1128,0
32,1129,1
32,1130,1
32,1131,0
32,1132,0
32,1133,0
32,1134,0
32,1135,0
32,1136,1
32,1137,0
32,1138,0
32,1139,0
32,1140,0
32,1141,0
32,1142,0
32,1143,0
32,1144,0
32,1145,0
32,1146,0
32,1147,0
32,1148,0
32,1149,0
32,1150,0
32,1151,0
32,1152,0
32,1153,1
32,1154,0
32,1155,1
32,1156,0
32,1157,0
32,1158,0
32,1159,0
32,1160,0
32,1161,0
32,1162,0
32,1163,1
32,1164,0
32,1165,0
32,1166,0
32,1167,0
32,1168,0
32,1169,1
32,1170,0
32,1171,0
32,1172,0
32,1173,0
32,1174,0
32,1175,0
32,1176,0
32,1177,0
32,1178,0
32,1179,0
32,1180,0
32,1181,0
32,1182,0
32,1183,0
32,1184,0
32,1185,0
32,1186,0
32,1187,1
32,1188,0
32,1189,0
32,1190,0
32,1191,0
32,1192,0
32,1193,0
32,1194,1
32,1195,0
32,1196,0
32,1197,0
32,1198,0
32,1199,0
33,1000,0
33,1001,0
33,1002,0
33,1003,0
33,1004,0
33,1005,0
33,1006,1
33,1007,0
33,1008,0
33,1009,0
33,1010,0
33,1011,0
33,1012,0
33,1013,0
33,1014,0
33,1015,0
33,1016,0
33,1017,1
33,1018,0
33,1019,0
33,1020,0
33,1021,0
33,1022,0
33,1023,0
33,1024,1
33,1025,0
33,1026,0
33,1027,1
33,1028,1
33,1029,0
33,1030,0
33,1031,0
33,1032,0
33,1033,0
33,1034,0
33,1035,0
33,1036,0
33,1037,0
33,1038,0
33,1039,1
33,1040,0
33,1041,1
33,1042,0
33,1043,0
33,1044,0
33,1045,0
33,1046,0
33,1047,1
33,1048,0
33,1049,0
33,1050,0
33,1051,0
33,1052,0
33,1053,0
33,1054,1
33,1055,0
33,1056,0
33,1057,0
33,1058,0
33,1059,0
33,1060,0
33,1061,0
33,1062,0
33,1063,0
33,1064,0
33,1065,1
33,1066,0
33,1067,0
33,1068,0
33,1069,0
33,1070,0
33,1071,0
33,1072,0
33,1073,0
33,1074,0
33,1075,0
33,1076,0
33,1077,0
33,1078,0
33,1079,0
33,1080,0
33,1081,0
33,1082,0
33,1083,0
33,1084,0
33,1085,0
33,1086,0
33,1087,0
33,1088,0
33,1089,1
33,1090,0
33,1091,0
33,1092,0
33,1093,0
33,1094,0
33,1095,0
33,1096,1
33,1097,1
33,1098,0
33,1099,0
33,1100,0
33,1101,0
33,1102,0
33,1103,1
33,1104,0
33,1105,0
33,1106,1
33,1107,0
33,1108,1
33,1109,0
33,1110,0
33,1111,0
33,1112,0
33,1113,0
33,1114,0
33,1115,0
33,1116,0
33,1117,0
33,1118,0
33,1119,1
33,1120,0
33,1121,0
33,1122,1
33,1123,0
33,1124,0
33,1125,1
33,1126,0
33,1127,0
33,1128,0
33,1129,1
33,1130,1
33,1131,0
33,1132,0
33,1133,0
33,1134,0
33,1135,0
33,1136,1
33,1137,0
33,1138,0
33,1139,0
33,1140,0
33,1141,0
33,1142,0
33,1143,0
33,1144,0
33,1145,0
33,1146,0
33,1147,0
33,1148,0
33,1149,0
33,1150,0
33,1151,0
33,1152,0
33,1153,1
33,1154,0
33,1155,0
33,1156,0
33,1157,0
33,1158,0
33,1159,0
33,1160,0
33,1161,0
33,1162,0
33,1163,1
33,1164,0
33,1165,0
33,1166,0
33,1167,0
33,1168,0
33,1169,1
33,1170,0
33,1171,0
33,1172,1
33,1173,0
33,1174,0
33,1175,0
33,1176,0
33,1177,0
33,1178,0
33,1179,0
33,1180,0
33,1181,0
33,1182,0
33,1183,0
33,1184,0
33,1185,0
33,1186,0
33,1187,1
33,1188,1
33,1189,0
33,1190,0
33,1191,0
33,1192,0
33,1193,0
33,1194,0
33,1195,0
33,1196,0
33,1197,0
33,1198,0
33,1199,0
34,1000,0
34,1001,0
34,1002,0
34,1003,0
34,1004,0
34,1005,0
34,1006,0
34,1007,0
34,1008,0
34,1009,0
34,1010,0
34,1011,0
34,1012,0
34,1013,0
34,1014,0
34,1015,0
34,1016,0
34,1017,0
34,1018,0
34,1019,1
34,1020,0
34,1021,0
34,1022,0
34,1023,0
34,1024,1
34,1025,1
34,1026,0
34,1027,0
34,1028,0
34,1029,0
34,1030,0
34,1031,0
34,1032,0
34,1033,0
34,1034,0
34,1035,0
34,1036,0
34,1037,0
34,1038,0
34,1039,0
34,1040,0
34,1041,0
34,1042,0
34,1043,0
34,1044,0
34,1045,0
34,1046,0
34,1047,0
34,1048,0
34,1049,0
34,1050,0
34,1051,0
34,1052,0
34,1053,0
34,1054,0
34,1055,0
34,1056,0
34,1057,0
34,1058,0
34,1059,0
34,1060,0
34,1061,0
34,1062,0
34,1063,0
34,1064,0
34,1065,0
34,1066,0
34,1067,0
34,1068,0
34,1069,0
34,1070,0
34,1071,0
34,1072,0
34,1073,1
34,1074,0
34,1075,1
34,1076,1
34,1077,0
34,1078,0
34,1079,0
34,1080,0
34,1081,0
34,1082,0
34,1083,0
34,1084,0
34,1085,0
34,1086,0
34,1087,0
34,1088,0
34,1089,0
34,1090,0
34,1091,1
34,1092,0
34,1093,0
34,1094,0
34,1095,0
34,1096,0
34,1097,0
34,1098,0
34,1099,0
34,1100,0
34,1101,0
34,1102,0
34,1103,0
34,1104,0
34,1105,0
34,1106,0
34,1107,1
34,1108,0
34,1109,0
34,1110,0
34,1111,0
34,1112,1
34,1113,0
34,1114,0
34,1115,0
34,1116,0
34,1117,0
34,1118,0
34,1119,0
34,1120,0
34,1121,0
34,1122,0
34,1123,0
34,1124,0
34,1125,0
34,1126,0
34,1127,0
34,1128,0
34,1129,0
34,1130,0
34,1131,0
34,1132,0
34,1133,0
34,1134,0
34,1135,0
34,1136,0
34,1137,0
34,1138,0
34,1139,0
34,1140,0
34,1141,0
34,1142,0
34,1143,0
34,1144,0
34,1145,0
34,1146,1
34,1147,0
34,1148,0
34,1149,0
34,1150,0
34,1151,0
34,1152,0
34,1153,0
34,1154,0
34,1155,0
34,1156,0
34,1157,1
34,1158,0
34,1159,1
34,1160,0
34,1161,0
34,1162,1
34,1163,0
34,1164,0
34,1165,0
34,1166,0
34,1167,0
34,1168,0
34,1169,0
34,1170,0
34,1171,0
34,1172,0
34,1173,0
34,1174,0
34,1175,0
34,1176,1
34,1177,0
34,1178,0
34,1179,0
34,1180,0
34,1181,0
34,1182,0
34,1183,0
34,1184,0
34,1185,0
34,1186,0
34,1187,0
34,1188,0
34,1189,0
34,1190,0
34,1191,0
34,1192,0
34,1193,1
34,1194,0
34,1195,0
34,1196,0
34,1197,0
34,1198,0
34,1199,0
35,1000,0
35,1001,0
35,1002,0
35,1003,0
35,1004,0
35,1005,0
35,1006,0
35,1007,0
35,1008,0
35,1009,0
35,1010,0
35,1011,0
35,1012,1
35,1013,0
35,1014,0
35,1015,0
35,1016,0
35,1017,1
35,1018,1
35,1019,0
35,1020,0
35,1021,0
35,1022,0
35,1023,0
35,1024,0
35,1025,0
35,1026,0
35,1027,1
35,1028,1
35,1029,0
35,1030,0
35,1031,0
35,1032,0
35,1033,0
35,1034,0
35,1035,0
35,1036,1
35,1037,0
35,1038,0
35,1039,1
35,1040,0
35,1041,1
35,1042,0
35,1043,0
35,1044,0
35,1045,0
35,1046,0
35,1047,1
35,1048,0
35,1049,0
35,1050,0
35,1051,0
35,1052,0
35,1053,0
35,1054,1
35,1055,0
35,1056,0
35,1057,0
35,1058,0
35,1059,0
35,1060,0
35,1061,0
35,1062,0
35,1063,0
35,1064,0
35,1065,0
35,1066,0
35,1067,0
35,1068,0
35,1069,0
35,1070,0
35,1071,0
35,1072,0
35,1073,0
35,1074,0
35,1075,0
35,1076,1
35,1077,0
35,1078,0
35,1079,0
35,1080,0
35,1081,0
35,1082,0
35,1083,0
35,1084,0
35,1085,0
35,1086,1
35,1087,0
35,1088,0
35,1089,1
35,1090,0
35,1091,0
35,1092,0
35,1093,0
35,1094,0
35,1095,1
35,1096,1
35,1097,1
35,1098,0
35,1099,0
35,1100,0
35,1101,0
35,1102,0
35,1103,1
35,1104,0
35,1105,0
35,1106,1
35,1107,0
35,1108,0
35,1109,0
35,1110,0
35,1111,0
35,1112,0
35,1113,0
35,1114,0
35,1115,0
35,1116,0
35,1117,0
35,1118,0
35,1119,1
35,1120,0
35,1121,0
35,1122,0
35,1123,0
35,1124,0
35,1125,1
35,1126,0
35,1127,0
35,1128,0
35,1129,1
35,1130,1
35,1131,0
35,1132,0
35,1133,0
35,1134,0
35,1135,0
35,1136,1
35,1137,0
35,1138,0
35,1139,0
35,1140,0
35,1141,0
35,1142,0
35,1143,0
35,1144,0
35,1145,0
35,1146,0
35,1147,0
35,1148,0
35,1149,0
35,1150,0
35,1151,0
35,1152,0
35,1153,0
35,1154,0
35,1155,0
35,1156,0
35,1157,0
35,1158,0
35,1159,0
35,1160,0
35,1161,0
35,1162,0
35,1163,1
35,1164,0
35,1165,0
35,1166,0
35,1167,0
35,1168,0
35,1169,1
35,1170,0
35,1171,0
35,1172,0
35,1173,0
35,1174,0
35,1175,0
35,1176,0
35,1177,0
35,1178,0
35,1179,0
35,1180,0
35,1181,0
35,1182,0
35,1183,0
35,1184,0
35,1185,0
35,1186,0
35,1187,1
35,1188,0
35,1189,0
35,1190,1
35,1191,0
35,1192,0
35,1193,0
35,1194,0
35,1195,0
35,1196,0
35,1197,0
35,1198,0
35,1199,0
36,1000,0
36,1001,0
36,1002,0
36,1003,0
36,1004,0
36,1005,0
36,1006,0
36,1007,0
36,1008,0
36,1009,1
36,1010,0
36,1011,0
36,1012,0
36,1013,0
36,1014,0
36,1015,0
36,1016,0
36,1017,1
36,1018,1
36,1019,0
36,1020,0
36,1021,0
36,1022,0
36,1023,0
36,1024,1
36,1025,0
36,1026,0
36,1027,1
36,1028,1
36,1029,0
36,1030,0
36,1031,0
36,1032,0
36,1033,0
36,1034,0
36,1035,0
36,1036,0
36,1037,0
36,1038,0
36,1039,1
36,1040,0
36,1041,1
36,1042,0
36,1043,0
36,1044,0
36,1045,0
36,1046,0
36,1047,1
36,1048,0
36,1049,0
36,1050,0
36,1051,0
36,1052,0
36,1053,0
36,1054,1
36,1055,1
36,1056,0
36,1057,0
36,1058,0
36,1059,0
36,1060,0
36,1061,0
36,1062,0
36,1063,0
36,1064,0
36,1065,0
36,1066,0
36,1067,0
36,1068,0
36,1069,0
36,1070,0
36,1071,0
36,1072,0
36,1073,0
36,1074,1
36,1075,0
36,1076,0
36,1077,0
36,1078,0
36,1079,0
36,1080,0
36,1081,0
36,1082,0
36,1083,0
36,1084,0
36,1085,0
36,1086,0
36,1087,0
36,1088,0
36,1089,1
36,1090,0
36,1091,0
36,1092,0
36,1093,0
36,1094,0
36,1095,1
36,1096,1
36,1097,0
36,1098,0
36,1099,0
36,1100,0
36,1101,0
36,1102,0
36,1103,1
36,1104,0
36,1105,0
36,1106,1
36,1107,0
36,1108,0
36,1109,0
36,1110,0
36,1111,0
36,1112,0
36,1113,0
36,1114,0
36,1115,0
36,1116,0
36,1117,0
36,1118,0
36,1119,1
36,1120,0
36,1121,0
36,1122,0
36,1123,0
36,1124,0
36,1125,1
36,1126,0
36,1127,0
36,1128,0
36,1129,1
36,1130,1
36,1131,0
36,1132,0
36,1133,0
36,1134,1
36,1135,0
36,1136,1
36,1137,0
36,1138,0
36,1139,0
36,1140,0
36,1141,0
36,1142,1
36,1143,0
36,1144,0
36,1145,0
36,1146,0
36,1147,0
36,1148,0
36,1149,0
36,1150,0
36,1151,0
36,1152,0
36,1153,1
36,1154,0
36,1155,0
36,1156,0
36,1157,0
36,1158,0
36,1159,0
36,1160,0
36,1161,0
36,1162,0
36,1163,1
36,1164,0
36,1165,0
36,1166,0
36,1167,0
36,1168,0
36,1169,1
36,1170,0
36,1171,0
36,1172,1
36,1173,0
36,1174,0
36,1175,0
36,1176,0
36,1177,0
36,1178,0
36,1179,0
36,1180,0
36,1181,0
36,1182,0
36,1183,0
36,1184,0
36,1185,0
36,1186,0
36,1187,1
36,1188,1
36,1189,0
36,1190,0
36,1191,0
36,1192,0
36,1193,0
36,1194,0
36,1195,0
36,1196,0
36,1197,0
36,1198,0
36,1199,0
37,1000,0
37,1001,0
37,1002,0
37,1003,0
37,1004,0
37,1005,0
37,1006,0
37,1007,0
37,1008,0
37,1009,0
37,1010,0
37,1011,1
37,1012,0
37,1013,0
37,1014,0
37,1015,0
37,1016,0
37,1017,0
37,1018,0
37,1019,0
37,1020,0
37,1021,0
37,1022,0
37,1023,0
37,1024,0
37,1025,0
37,1026,0
37,1027,0
37,1028,0
37,1029,0
37,1030,1
37,1031,0
37,1032,0
37,1033,0
37,1034,0
37,1035,0
37,1036,0
37,1037,0
37,1038,0
37,1039,0
37,1040,0
37,1041,1
37,1042,0
37,1043,0
37,1044,0
37,1045,0
37,1046,1
37,1047,0
37,1048,0
37,1049,0
37,1050,0
37,1051,0
37,1052,0
37,1053,0
37,1054,0
37,1055,0
37,1056,0
37,1057,0
37,1058,0
37,1059,0
37,1060,0
37,1061,0
37,1062,0
37,1063,0
37,1064,0
37,1065,0
37,1066,0
37,1067,1
37,1068,0
37,1069,0
37,1070,0
37,1071,0
37,1072,0
37,1073,0
37,1074,0
37,1075,0
37,1076,0
37,1077,0
37,1078,0
37,1079,0
37,1080,0
37,1081,0
37,1082,0
37,1083,0
37,1084,0
37,1085,0
37,1086,0
37,1087,0
37,1088,1
37,1089,0
37,1090,0
37,1091,0
37,1092,0
37,1093,0
37,1094,0
37,1095,0
37,1096,0
37,1097,0
37,1098,0
37,1099,0
37,1100,0
37,1101,0
37,1102,0
37,1103,0
37,1104,1
37,1105,0
37,1106,0
37,1107,0
37,1108,1
37,1109,0
37,1110,0
37,1111,0
37,1112,1
37,1113,0
37,1114,0
37,1115,1
37,1116,0
37,1117,0
37,1118,0
37,1119,0
37,1120,0
37,1121,1
37,1122,0
37,1123,0
37,1124,0
37,1125,0
37,1126,0
37,1127,0
37,1128,0
37,1129,0
37,1130,0
37,1131,0
37,1132,0
37,1133,0
37,1134,0
37,1135,0
37,1136,0
37,1137,0
37,1138,0
37,1139,1
37,1140,1
37,1141,1
37,1142,0
37,1143,0
37,1144,0
37,1145,0
37,1146,0
37,1147,0
37,1148,0
37,1149,0
37,1150,1
37,1151,0
37,1152,0
37,1153,0
37,1154,0
37,1155,0
37,1156,0
37,1157,0
37,1158,0
37,1159,0
37,1160,0
37,1161,0
37,1162,0
37,1163,0
37,1164,0
37,1165,0
37,1166,0
37,1167,0
37,1168,0
37,1169,0
37,1170,0
37,1171,0
37,1172,0
37,1173,0
37,1174,0
37,1175,0
37,1176,0
37,1177,0
37,1178,1
37,1179,0
37,1180,0
37,1181,0
37,1182,1
37,1183,1
37,1184,0
37,1185,0
37,1186,0
37,1187,0
37,1188,0
37,1189,0
37,1190,0
37,1191,0
37,1192,0
37,1193,0
37,1194,0
37,1195,0
37,1196,0
37,1197,0
37,1198,0
37,1199,0
38,1000,0
38,1001,0
38,1002,0
38,1003,0
38,1004,0
38,1005,0
38,1006,0
38,1007,0
38,1008,0
38,1009,1
38,1010,0
38,1011,0
38,1012,0
38,1013,0
38,1014,0
38,1015,0
38,1016,0
38,1017,0
38,1018,0
38,1019,0
38,1020,0
38,1021,0
38,1022,0
38,1023,0
38,1024,0
38,1025,1
38,1026,0
38,1027,0
38,1028,0
38,1029,0
38,1030,0
38,1031,0
38,1032,1
38,1033,0
38,1034,0
38,1035,0
38,1036,0
38,1037,0
38,1038,1
38,1039,0
38,1040,0
38,1041,0
38,1042,0
38,1043,0
38,1044,0
38,1045,0
38,1046,0
38,1047,0
38,1048,0
38,1049,0
38,1050,0
38,1051,0
38,1052,0
38,1053,0
38,1054,0
38,1055,0
38,1056,0
38,1057,0
38,1058,0
38,1059,0
38,1060,0
38,1061,0
38,1062,0
38,1063,0
38,1064,0
38,1065,0
38,1066,0
38,1067,0
38,1068,0
38,1069,0
38,1070,0
38,1071,0
38,1072,0
38,1073,0
38,1074,0
38,1075,0
38,1076,0
38,1077,0
38,1078,0
38,1079,1
38,1080,0
38,1081,0
38,1082,0
38,1083,0
38,1084,0
38,1085,0
38,1086,0
38,1087,0
38,1088,0
38,1089,1
38,1090,0
38,1091,1
38,1092,0
38,1093,0
38,1094,0
38,1095,0
38,1096,0
38,1097,0
38,1098,0
38,1099,0
38,1100,0
38,1101,0
38,1102,0
38,1103,0
38,1104,0
38,1105,0
38,1106,0
38,1107,0
38,1108,0
38,1109,0
38,1110,0
38,1111,0
38,1112,0
38,1113,0
38,1114,0
38,1115,0
38,1116,0
38,1117,0
38,1118,0
38,1119,0
38,1120,0
38,1121,0
38,1122,0
38,1123,0
38,1124,0
38,1125,0
38,1126,0
38,1127,0
38,1128,0
38,1129,0
38,1130,0
38,1131,0
38,1132,1
38,1133,0
38,1134,0
38,1135,0
38,1136,0
38,1137,0
38,1138,0
38,1139,0
38,1140,0
38,1141,0
38,1142,0
38,1143,0
38,1144,0
38,1145,0
38,1146,0
38,1147,0
38,1148,0
38,1149,0
38,1150,0
38,1151,0
38,1152,0
38,1153,0
38,1154,0
38,1155,0
38,1156,0
38,1157,1
38,1158,0
38,1159,0
38,1160,1
38,1161,0
38,1162,0
38,1163,0
38,1164,0
38,1165,0
38,1166,0
38,1167,0
38,1168,0
38,1169,0
38,1170,0
38,1171,0
38,1172,1
38,1173,0
38,1174,0
38,1175,0
38,1176,1
38,1177,0
38,1178,0
38,1179,0
38,1180,0
38,1181,0
38,1182,0
38,1183,0
38,1184,0
38,1185,0
38,1186,0
38,1187,0
38,1188,0
38,1189,0
38,1190,0
38,1191,0
38,1192,0
38,1193,1
38,1194,0
38,1195,0
38,1196,0
38,1197,0
38,1198,0
38,1199,1
39,1000,0
39,1001,0
39,1002,0
39,1003,0
39,1004,0
39,1005,0
39,1006,0
39,1007,1
39,1008,0
39,1009,0
39,1010,0
39,1011,1
39,1012,1
39,1013,0
39,1014,0
39,1015,0
39,1016,0
39,1017,0
39,1018,0
39,1019,0
39,1020,0
39,1021,0
39,1022,0
39,1023,0
39,1024,0
39,1025,0
39,1026,0
39,1027,0
39,1028,0
39,1029,0
39,1030,0
39,1031,0
39,1032,0
39,1033,1
39,1034,1
39,1035,1
39,1036,0
39,1037,0
39,1038,0
39,1039,0
39,1040,0
39,1041,0
39,1042,0
39,1043,1
39,1044,0
39,1045,0
39,1046,0
39,1047,0
39,1048,0
39,1049,0
39,1050,0
39,1051,0
39,1052,1
39,1053,1
39,1054,0
39,1055,1
39,1056,0
39,1057,0
39,1058,0
39,1059,0
39,1060,0
39,1061,0
39,1062,1
39,1063,0
39,1064,0
39,1065,0
39,1066,0
39,1067,1
39,1068,0
39,1069,1
39,1070,0
39,1071,0
39,1072,0
39,1073,1
39,1074,0
39,1075,0
39,1076,0
39,1077,0
39,1078,0
39,1079,0
39,1080,1
39,1081,0
39,1082,0
39,1083,0
39,1084,0
39,1085,0
39,1086,0
39,1087,0
39,1088,1
39,1089,0
39,1090,0
39,1091,0
39,1092,0
39,1093,0
39,1094,0
39,1095,0
39,1096,0
39,1097,0
39,1098,0
39,1099,0
39,1100,0
39,1101,0
39,1102,0
39,1103,0
39,1104,1
39,1105,0
39,1106,0
39,1107,0
39,1108,0
39,1109,0
39,1110,0
39,1111,0
39,1112,1
39,1113,1
39,1114,0
39,1115,1
39,1116,0
39,1117,0
39,1118,1
39,1119,0
39,1120,1
39,1121,1
39,1122,0
39,1123,0
39,1124,0
39,1125,0
39,1126,1
39,1127,1
39,1128,0
39,1129,0
39,1130,0
39,1131,0
39,1132,0
39,1133,0
39,1134,1
39,1135,0
39,1136,0
39,1137,0
39,1138,0
39,1139,1
39,1140,0
39,1141,0
39,1142,0
39,1143,0
39,1144,0
39,1145,0
39,1146,0
39,1147,0
39,1148,0
39,1149,0
39,1150,1
39,1151,0
39,1152,0
39,1153,0
39,1154,1
39,1155,0
39,1156,0
39,1157,0
39,1158,0
39,1159,0
39,1160,0
39,1161,0
39,1162,0
39,1163,0
39,1164,0
39,1165,1
39,1166,0
39,1167,0
39,1168,0
39,1169,0
39,1170,0
39,1171,0
39,1172,0
39,1173,0
39,1174,0
39,1175,0
39,1176,0
39,1177,0
39,1178,1
39,1179,0
39,1180,0
39,1181,0
39,1182,1
39,1183,1
39,1184,0
39,1185,0
39,1186,0
39,1187,0
39,1188,0
39,1189,0
39,1190,0
39,1191,1
39,1192,1
39,1193,0
39,1194,0
39,1195,0
39,1196,0
39,1197,1
39,1198,1
39,1199,0
40,1000,0
40,1001,0
40,1002,0
40,1003,0
40,1004,0
40,1005,0
40,1006,0
40,1007,0
40,1008,0
40,1009,0
40,1010,1
40,1011,0
40,1012,0
40,1013,0
40,1014,1
40,1015,0
40,1016,1
40,1017,0
40,1018,0
40,1019,0
40,1020,0
40,1021,1
40,1022,0
40,1023,1
40,1024,0
40,1025,1
40,1026,0
40,1027,0
40,1028,0
40,1029,0
40,1030,0
40,1031,1
40,1032,0
40,1033,0
40,1034,0
40,1035,0
40,1036,0
40,1037,0
40,1038,0
40,1039,0
40,1040,0
40,1041,0
40,1042,1
40,1043,0
40,1044,0
40,1045,0
40,1046,0
40,1047,0
40,1048,0
40,1049,0
40,1050,0
40,1051,0
40,1052,0
40,1053,0
40,1054,0
40,1055,0
40,1056,1
40,1057,0
40,1058,0
40,1059,1
40,1060,0
40,1061,0
40,1062,0
40,1063,0
40,1064,0
40,1065,0
40,1066,1
40,1067,0
40,1068,1
40,1069,0
40,1070,0
40,1071,0
40,1072,0
40,1073,0
40,1074,0
40,1075,0
40,1076,0
40,1077,0
40,1078,0
40,1079,0
40,1080,0
40,1081,0
40,1082,1
40,1083,1
40,1084,1
40,1085,0
40,1086,0
40,1087,1
40,1088,0
40,1089,0
40,1090,0
40,1091,0
40,1092,0
40,1093,0
40,1094,0
40,1095,0
40,1096,0
40,1097,0
40,1098,0
40,1099,0
40,1100,0
40,1101,0
40,1102,0
40,1103,0
40,1104,0
40,1105,1
40,1106,0
40,1107,0
40,1108,0
40,1109,1
40,1110,0
40,1111,0
40,1112,0
40,1113,0
40,1114,0
40,1115,0
40,1116,0
40,1117,0
40,1118,0
40,1119,0
40,1120,0
40,1121,0
40,1122,0
40,1123,0
40,1124,0
40,1125,0
40,1126,0
40,1127,0
40,1128,0
40,1129,0
40,1130,0
40,1131,1
40,1132,0
40,1133,0
40,1134,0
40,1135,0
40,1136,0
40,1137,0
40,1138,0
40,1139,0
40,1140,0
40,1141,1
40,1142,0
40,1143,1
40,1144,0
40,1145,1
40,1146,0
40,1147,0
40,1148,0
40,1149,0
40,1150,0
40,1151,0
40,1152,0
40,1153,0
40,1154,0
40,1155,0
40,1156,0
40,1157,0
40,1158,0
40,1159,0
40,1160,0
40,1161,0
40,1162,0
40,1163,0
40,1164,0
40,1165,0
40,1166,0
40,1167,0
40,1168,0
40,1169,0
40,1170,0
40,1171,0
40,1172,0
40,1173,0
40,1174,0
40,1175,0
40,1176,0
40,1177,0
40,1178,0
40,1179,1
40,1180,0
40,1181,0
40,1182,0
40,1183,0
40,1184,0
40,1185,0
40,1186,0
40,1187,0
40,1188,0
40,1189,0
40,1190,0
40,1191,0
40,1192,0
40,1193,0
40,1194,0
40,1195,1
40,1196,0
40,1197,0
40,1198,0
40,1199,0
41,1000,0
41,1001,0
41,1002,0
41,1003,0
41,1004,0
41,1005,0
41,1006,0
41,1007,0
41,1008,0
41,1009,0
41,1010,1
41,1011,0
41,1012,0
41,1013,0
41,1014,1
41,1015,0
41,1016,1
41,1017,0
41,1018,0
41,1019,0
41,1020,0
41,1021,1
41,1022,0
41,1023,1
41,1024,0
41,1025,0
41,1026,0
41,1027,0
41,1028,0
41,1029,0
41,1030,0
41,1031,1
41,1032,0
41,1033,0
41,1034,0
41,1035,0
41,1036,1
41,1037,0
41,1038,0
41,1039,0
41,1040,0
41,1041,0
41,1042,1
41,1043,0
41,1044,0
41,1045,0
41,1046,1
41,1047,0
41,1048,0
41,1049,1
41,1050,0
41,1051,1
41,1052,0
41,1053,0
41,1054,0
41,1055,0
41,1056,1
41,1057,0
41,1058,0
41,1059,0
41,1060,1
41,1061,0
41,1062,0
41,1063,0
41,1064,0
41,1065,0
41,1066,1
41,1067,0
41,1068,1
41,1069,0
41,1070,0
41,1071,1
41,1072,0
41,1073,0
41,1074,0
41,1075,0
41,1076,0
41,1077,0
41,1078,0
41,1079,0
41,1080,0
41,1081,0
41,1082,1
41,1083,1
41,1084,1
41,1085,0
41,1086,0
41,1087,0
41,1088,0
41,1089,0
41,1090,0
41,1091,1
41,1092,0
41,1093,0
41,1094,0
41,1095,0
41,1096,0
41,1097,0
41,1098,0
41,1099,0
41,1100,0
41,1101,0
41,1102,0
41,1103,0
41,1104,0
41,1105,0
41,1106,0
41,1107,0
41,1108,0
41,1109,0
41,1110,0
41,1111,0
41,1112,0
41,1113,0
41,1114,0
41,1115,0
41,1116,0
41,1117,0
41,1118,0
41,1119,0
41,1120,0
41,1121,0
41,1122,0
41,1123,0
41,1124,0
41,1125,0
41,1126,0
41,1127,0
41,1128,0
41,1129,1
41,1130,0
41,1131,1
41,1132,1
41,1133,1
41,1134,0
41,1135,0
41,1136,0
41,1137,0
41,1138,0
41,1139,0
41,1140,0
41,1141,1
41,1142,0
41,1143,1
41,1144,1
41,1145,1
41,1146,0
41,1147,0
41,1148,0
41,1149,0
41,1150,0
41,1151,0
41,1152,0
41,1153,0
41,1154,0
41,1155,0
41,1156,0
41,1157,0
41,1158,0
41,1159,0
41,1160,0
41,1161,0
41,1162,0
41,1163,0
41,1164,0
41,1165,0
41,1166,0
41,1167,0
41,1168,0
41,1169,0
41,1170,0
41,1171,0
41,1172,0
41,1173,0
41,1174,0
41,1175,0
41,1176,0
41,1177,0
41,1178,0
41,1179,1
41,1180,0
41,1181,0
41,1182,0
41,1183,0
41,1184,0
41,1185,0
41,1186,0
41,1187,0
41,1188,0
41,1189,0
41,1190,0
41,1191,0
41,1192,0
41,1193,0
41,1194,0
41,1195,0
41,1196,0
41,1197,0
41,1198,0
41,1199,0
42,1000,0
42,1001,0
42,1002,0
42,1003,0
42,1004,0
42,1005,0
42,1006,0
42,1007,0
42,1008,0
42,1009,0
42,1010,0
42,1011,0
42,1012,1
42,1013,0
42,1014,1
42,1015,0
42,1016,1
42,1017,0
42,1018,0
42,1019,0
42,1020,0
42,1021,1
42,1022,0
42,1023,1
42,1024,0
42,1025,0
42,1026,0
42,1027,0
42,1028,0
42,1029,1
42,1030,0
42,1031,1
42,1032,0
42,1033,0
42,1034,0
42,1035,0
42,1036,0
42,1037,0
42,1038,0
42,1039,0
42,1040,0
42,1041,0
42,1042,0
42,1043,0
42,1044,0
42,1045,0
42,1046,0
42,1047,0
42,1048,0
42,1049,0
42,1050,0
42,1051,0
42,1052,0
42,1053,0
42,1054,0
42,1055,0
42,1056,0
42,1057,0
42,1058,0
42,1059,0
42,1060,0
42,1061,0
42,1062,0
42,1063,0
42,1064,0
42,1065,0
42,1066,1
42,1067,0
42,1068,1
42,1069,0
42,1070,0
42,1071,0
42,1072,0
42,1073,0
42,1074,0
42,1075,0
42,1076,0
42,1077,0
42,1078,0
42,1079,0
42,1080,0
42,1081,0
42,1082,1
42,1083,0
42,1084,0
42,1085,0
42,1086,0
42,1087,0
42,1088,0
42,1089,0
42,1090,0
42,1091,0
42,1092,0
42,1093,0
42,1094,0
42,1095,0
42,1096,0
42,1097,0
42,1098,0
42,1099,0
42,1100,0
42,1101,0
42,1102,0
42,1103,0
42,1104,0
42,1105,0
42,1106,0
42,1107,0
42,1108,0
42,1109,1
42,1110,0
42,1111,0
42,1112,0
42,1113,0
42,1114,0
42,1115,0
42,1116,0
42,1117,0
42,1118,0
42,1119,0
42,1120,0
42,1121,0
42,1122,1
42,1123,0
42,1124,0
42,1125,0
42,1126,0
42,1127,0
42,1128,0
42,1129,0
42,1130,0
42,1131,0
42,1132,0
42,1133,0
42,1134,0
42,1135,1
42,1136,0
42,1137,0
42,1138,0
42,1139,0
42,1140,0
42,1141,1
42,1142,0
42,1143,1
42,1144,1
42,1145,1
42,1146,0
42,1147,0
42,1148,0
42,1149,0
42,1150,0
42,1151,0
42,1152,0
42,1153,0
42,1154,0
42,1155,0
42,1156,0
42,1157,0
42,1158,0
42,1159,0
42,1160,0
42,1161,0
42,1162,1
42,1163,0
42,1164,0
42,1165,0
42,1166,0
42,1167,0
42,1168,0
42,1169,0
42,1170,0
42,1171,0
42,1172,0
42,1173,0
42,1174,0
42,1175,0
42,1176,0
42,1177,0
42,1178,0
42,1179,1
42,1180,0
42,1181,0
42,1182,0
42,1183,0
42,1184,0
42,1185,0
42,1186,0
42,1187,0
42,1188,0
42,1189,0
42,1190,0
42,1191,0
42,1192,0
42,1193,0
42,1194,0
42,1195,0
42,1196,0
42,1197,0
42,1198,0
42,1199,0
43,1000,0
43,1001,0
43,1002,0
43,1003,0
43,1004,0
43,1005,0
43,1006,0
43,1007,1
43,1008,0
43,1009,1
43,1010,0
43,1011,0
43,1012,0
43,1013,0
43,1014,0
43,1015,0
43,1016,0
43,1017,0
43,1018,0
43,1019,0
43,1020,0
43,1021,0
43,1022,0
43,1023,0
43,1024,0
43,1025,1
43,1026,0
43,1027,0
43,1028,0
43,1029,0
43,1030,0
43,1031,0
43,1032,0
43,1033,0
43,1034,0
43,1035,1
43,1036,0
43,1037,0
43,1038,1
43,1039,0
43,1040,0
43,1041,0
43,1042,0
43,1043,0
43,1044,0
43,1045,1
43,1046,0
43,1047,0
43,1048,0
43,1049,0
43,1050,0
43,1051,0
43,1052,0
43,1053,0
43,1054,0
43,1055,1
43,1056,0
43,1057,0
43,1058,0
43,1059,0
43,1060,0
43,1061,0
43,1062,0
43,1063,0
43,1064,0
43,1065,0
43,1066,0
43,1067,0
43,1068,0
43,1069,0
43,1070,0
43,1071,0
43,1072,0
43,1073,0
43,1074,1
43,1075,1
43,1076,1
43,1077,0
43,1078,0
43,1079,0
43,1080,0
43,1081,1
43,1082,0
43,1083,0
43,1084,0
43,1085,0
43,1086,0
43,1087,0
43,1088,0
43,1089,0
43,1090,0
43,1091,1
43,1092,0
43,1093,0
43,1094,0
43,1095,1
43,1096,0
43,1097,0
43,1098,0
43,1099,0
43,1100,0
43,1101,0
43,1102,0
43,1103,0
43,1104,0
43,1105,0
43,1106,0
43,1107,1
43,1108,0
43,1109,0
43,1110,0
43,1111,0
43,1112,0
43,1113,0
43,1114,0
43,1115,0
43,1116,0
43,1117,0
43,1118,0
43,1119,0
43,1120,0
43,1121,0
43,1122,0
43,1123,0
43,1124,0
43,1125,0
43,1126,0
43,1127,0
43,1128,0
43,1129,0
43,1130,0
43,1131,0
43,1132,0
43,1133,0
43,1134,0
43,1135,0
43,1136,0
43,1137,0
43,1138,0
43,1139,0
43,1140,0
43,1141,0
43,1142,0
43,1143,0
43,1144,0
43,1145,0
43,1146,1
43,1147,0
43,1148,0
43,1149,0
43,1150,0
43,1151,0
43,1152,0
43,1153,0
43,1154,0
43,1155,0
43,1156,0
43,1157,1
43,1158,0
43,1159,0
43,1160,0
43,1161,0
43,1162,1
43,1163,0
43,1164,0
43,1165,0
43,1166,0
43,1167,0
43,1168,0
43,1169,0
43,1170,0
43,1171,0
43,1172,0
43,1173,0
43,1174,0
43,1175,0
43,1176,1
43,1177,0
43,1178,0
43,1179,0
43,1180,0
43,1181,0
43,1182,0
43,1183,0
43,1184,0
43,1185,1
43,1186,0
43,1187,0
43,1188,0
43,1189,0
43,1190,0
43,1191,0
43,1192,0
43,1193,1
43,1194,0
43,1195,0
43,1196,0
43,1197,0
43,1198,0
43,1199,1
44,1000,0
44,1001,0
44,1002,0
44,1003,1
44,1004,0
44,1005,0
44,1006,0
44,1007,0
44,1008,0
44,1009,0
44,1010,1
44,1011,0
44,1012,0
44,1013,0
44,1014,0
44,1015,0
44,1016,0
44,1017,1
44,1018,0
44,1019,0
44,1020,0
44,1021,0
44,1022,0
44,1023,0
44,1024,0
44,1025,0
44,1026,0
44,1027,1
44,1028,1
44,1029,0
44,1030,0
44,1031,0
44,1032,0
44,1033,0
44,1034,0
44,1035,0
44,1036,0
44,1037,0
44,1038,0
44,1039,0
44,1040,0
44,1041,0
44,1042,0
44,1043,0
44,1044,0
44,1045,0
44,1046,0
44,1047,0
44,1048,1
44,1049,0
44,1050,0
44,1051,0
44,1052,0
44,1053,0
44,1054,0
44,1055,0
44,1056,0
44,1057,0
44,1058,0
44,1059,0
44,1060,0
44,1061,0
44,1062,0
44,1063,0
44,1064,0
44,1065,0
44,1066,0
44,1067,0
44,1068,0
44,1069,0
44,1070,1
44,1071,0
44,1072,0
44,1073,0
44,1074,0
44,1075,0
44,1076,0
44,1077,0
44,1078,0
44,1079,0
44,1080,0
44,1081,0
44,1082,0
44,1083,0
44,1084,0
44,1085,0
44,1086,0
44,1087,0
44,1088,1
44,1089,1
44,1090,0
44,1091,0
44,1092,0
44,1093,0
44,1094,0
44,1095,0
44,1096,0
44,1097,0
44,1098,0
44,1099,0
44,1100,0
44,1101,0
44,1102,0
44,1103,0
44,1104,0
44,1105,0
44,1106,1
44,1107,0
44,1108,0
44,1109,0
44,1110,0
44,1111,0
44,1112,0
44,1113,0
44,1114,0
44,1115,0
44,1116,0
44,1117,0
44,1118,0
44,1119,1
44,1120,0
44,1121,0
44,1122,0
44,1123,0
44,1124,0
44,1125,1
44,1126,0
44,1127,0
44,1128,0
44,1129,1
44,1130,0
44,1131,0
44,1132,1
44,1133,0
44,1134,0
44,1135,0
44,1136,0
44,1137,0
44,1138,0
44,1139,0
44,1140,0
44,1141,0
44,1142,0
44,1143,0
44,1144,0
44,1145,0
44,1146,0
44,1147,0
44,1148,0
44,1149,0
44,1150,0
44,1151,0
44,1152,0
44,1153,0
44,1154,0
44,1155,0
44,1156,0
44,1157,0
44,1158,0
44,1159,0
44,1160,0
44,1161,0
44,1162,0
44,1163,1
44,1164,0
44,1165,0
44,1166,1
44,1167,0
44,1168,0
44,1169,1
44,1170,1
44,1171,0
44,1172,0
44,1173,0
44,1174,1
44,1175,0
44,1176,0
44,1177,0
44,1178,0
44,1179,0
44,1180,0
44,1181,0
44,1182,0
44,1183,0
44,1184,0
44,1185,0
44,1186,0
44,1187,0
44,1188,0
44,1189,0
44,1190,0
44,1191,0
44,1192,0
44,1193,0
44,1194,0
44,1195,0
44,1196,0
44,1197,0
44,1198,0
44,1199,0
45,1000,0
45,1001,0
45,1002,0
45,1003,0
45,1004,0
45,1005,0
45,1006,0
45,1007,0
45,1008,0
45,1009,1
45,1010,0
45,1011,0
45,1012,0
45,1013,0
45,1014,0
45,1015,0
45,1016,0
45,1017,0
45,1018,0
45,1019,0
45,1020,0
45,1021,0
45,1022,0
45,1023,0
45,1024,0
45,1025,1
45,1026,0
45,1027,0
45,1028,0
45,1029,0
45,1030,0
45,1031,0
45,1032,0
45,1033,0
45,1034,1
45,1035,0
45,1036,0
45,1037,0
45,1038,1
45,1039,0
45,1040,0
45,1041,0
45,1042,0
45,1043,0
45,1044,0
45,1045,0
45,1046,0
45,1047,0
45,1048,0
45,1049,0
45,1050,0
45,1051,0
45,1052,0
45,1053,0
45,1054,0
45,1055,0
45,1056,0
45,1057,0
45,1058,0
45,1059,0
45,1060,0
45,1061,0
45,1062,0
45,1063,0
45,1064,0
45,1065,0
45,1066,0
45,1067,0
45,1068,0
45,1069,0
45,1070,0
45,1071,0
45,1072,0
45,1073,0
45,1074,0
45,1075,0
45,1076,0
45,1077,0
45,1078,0
45,1079,0
45,1080,0
45,1081,0
45,1082,0
45,1083,0
45,1084,0
45,1085,1
45,1086,0
45,1087,0
45,1088,0
45,1089,0
45,1090,0
45,1091,1
45,1092,0
45,1093,0
45,1094,0
45,1095,0
45,1096,0
45,1097,0
45,1098,0
45,1099,0
45,1100,0
45,1101,0
45,1102,0
45,1103,0
45,1104,0
45,1105,0
45,1106,0
45,1107,0
45,1108,0
45,1109,0
45,1110,0
45,1111,0
45,1112,0
45,1113,0
45,1114,0
45,1115,0
45,1116,0
45,1117,0
45,1118,0
45,1119,0
45,1120,0
45,1121,0
45,1122,0
45,1123,0
45,1124,0
45,1125,0
45,1126,0
45,1127,0
45,1128,0
45,1129,0
45,1130,0
45,1131,0
45,1132,0
45,1133,0
45,1134,0
45,1135,0
45,1136,0
45,1137,0
45,1138,0
45,1139,0
45,1140,0
45,1141,0
45,1142,0
45,1143,0
45,1144,0
45,1145,0
45,1146,0
45,1147,0
45,1148,0
45,1149,0
45,1150,0
45,1151,0
45,1152,1
45,1153,0
45,1154,1
45,1155,0
45,1156,0
45,1157,1
45,1158,0
45,1159,0
45,1160,0
45,1161,0
45,1162,0
45,1163,0
45,1164,0
45,1165,0
45,1166,0
45,1167,0
45,1168,0
45,1169,0
45,1170,0
45,1171,0
45,1172,0
45,1173,0
45,1174,0
45,1175,0
45,1176,1
45,1177,0
45,1178,0
45,1179,0
45,1180,0
45,1181,0
45,1182,0
45,1183,0
45,1184,0
45,1185,0
45,1186,0
45,1187,0
45,1188,0
45,1189,0
45,1190,0
45,1191,0
45,1192,0
45,1193,1
45,1194,1
45,1195,0
45,1196,0
45,1197,0
45,1198,0
45,1199,1
46,1000,0
46,1001,0
46,1002,0
46,1003,0
46,1004,0
46,1005,0
46,1006,0
46,1007,0
46,1008,0
46,1009,1
46,1010,0
46,1011,0
46,1012,0
46,1013,0
46,1014,0
46,1015,0
46,1016,0
46,1017,0
46,1018,0
46,1019,0
46,1020,0
46,1021,0
46,1022,0
46,1023,0
46,1024,0
46,1025,1
46,1026,0
46,1027,0
46,1028,0
46,1029,0
46,1030,0
46,1031,1
46,1032,0
46,1033,0
46,1034,0
46,1035,0
46,1036,0
46,1037,0
46,1038,1
46,1039,0
46,1040,0
46,1041,0
46,1042,0
46,1043,0
46,1044,0
46,1045,0
46,1046,0
46,1047,0
46,1048,0
46,1049,0
46,1050,0
46,1051,0
46,1052,0
46,1053,0
46,1054,0
46,1055,0
46,1056,0
46,1057,0
46,1058,0
46,1059,0
46,1060,0
46,1061,0
46,1062,0
46,1063,0
46,1064,0
46,1065,0
46,1066,0
46,1067,0
46,1068,0
46,1069,0
46,1070,0
46,1071,0
46,1072,0
46,1073,0
46,1074,0
46,1075,0
46,1076,0
46,1077,0
46,1078,0
46,1079,0
46,1080,0
46,1081,0
46,1082,0
46,1083,0
46,1084,0
46,1085,0
46,1086,0
46,1087,0
46,1088,0
46,1089,0
46,1090,0
46,1091,1
46,1092,0
46,1093,0
46,1094,0
46,1095,0
46,1096,1
46,1097,0
46,1098,0
46,1099,0
46,1100,0
46,1101,1
46,1102,0
46,1103,0
46,1104,0
46,1105,0
46,1106,0
46,1107,0
46,1108,0
46,1109,1
46,1110,0
46,1111,0
46,1112,0
46,1113,0
46,1114,0
46,1115,0
46,1116,0
46,1117,0
46,1118,0
46,1119,0
46,1120,0
46,1121,0
46,1122,0
46,1123,0
46,1124,0
46,1125,0
46,1126,0
46,1127,0
46,1128,0
46,1129,0
46,1130,0
46,1131,0
46,1132,0
46,1133,0
46,1134,0
46,1135,0
46,1136,0
46,1137,0
46,1138,0
46,1139,0
46,1140,0
46,1141,0
46,1142,0
46,1143,0
46,1144,0
46,1145,0
46,1146,0
46,1147,0
46,1148,0
46,1149,0
46,1150,0
46,1151,0
46,1152,0
46,1153,0
46,1154,0
46,1155,0
46,1156,0
46,1157,0
46,1158,0
46,1159,0
46,1160,0
46,1161,0
46,1162,0
46,1163,0
46,1164,0
46,1165,0
46,1166,0
46,1167,0
46,1168,0
46,1169,0
46,1170,0
46,1171,0
46,1172,0
46,1173,0
46,1174,0
46,1175,0
46,1176,1
46,1177,0
46,1178,0
46,1179,0
46,1180,0
46,1181,0
46,1182,0
46,1183,1
46,1184,0
46,1185,0
46,1186,0
46,1187,0
46,1188,0
46,1189,0
46,1190,0
46,1191,0
46,1192,0
46,1193,1
46,1194,0
46,1195,0
46,1196,0
46,1197,0
46,1198,0
46,1199,1
47,1000,0
47,1001,0
47,1002,0
47,1003,1
47,1004,0
47,1005,0
47,1006,0
47,1007,1
47,1008,0
47,1009,0
47,1010,0
47,1011,0
47,1012,0
47,1013,0
47,1014,0
47,1015,0
47,1016,0
47,1017,1
47,1018,1
47,1019,0
47,1020,0
47,1021,0
47,1022,0
47,1023,0
47,1024,0
47,1025,0
47,1026,0
47,1027,1
47,1028,0
47,1029,1
47,1030,0
47,1031,0
47,1032,0
47,1033,0
47,1034,0
47,1035,0
47,1036,0
47,1037,0
47,1038,0
47,1039,1
47,1040,0
47,1041,1
47,1042,0
47,1043,0
47,1044,0
47,1045,0
47,1046,0
47,1047,0
47,1048,0
47,1049,0
47,1050,0
47,1051,0
47,1052,0
47,1053,0
47,1054,1
47,1055,0
47,1056,0
47,1057,0
47,1058,0
47,1059,0
47,1060,0
47,1061,0
47,1062,0
47,1063,0
47,1064,0
47,1065,0
47,1066,0
47,1067,1
47,1068,0
47,1069,0
47,1070,0
47,1071,0
47,1072,0
47,1073,0
47,1074,0
47,1075,0
47,1076,0
47,1077,0
47,1078,0
47,1079,0
47,1080,0
47,1081,0
47,1082,0
47,1083,0
47,1084,0
47,1085,0
47,1086,0
47,1087,0
47,1088,0
47,1089,1
47,1090,0
47,1091,0
47,1092,0
47,1093,0
47,1094,0
47,1095,0
47,1096,1
47,1097,1
47,1098,0
47,1099,0
47,1100,0
47,1101,0
47,1102,0
47,1103,1
47,1104,0
47,1105,0
47,1106,1
47,1107,0
47,1108,0
47,1109,0
47,1110,0
47,1111,0
47,1112,0
47,1113,0
47,1114,0
47,1115,0
47,1116,0
47,1117,0
47,1118,0
47,1119,1
47,1120,0
47,1121,0
47,1122,0
47,1123,0
47,1124,0
47,1125,0
47,1126,0
47,1127,1
47,1128,0
47,1129,1
47,1130,0
47,1131,0
47,1132,0
47,1133,0
47,1134,0
47,1135,0
47,1136,0
47,1137,0
47,1138,0
47,1139,0
47,1140,0
47,1141,0
47,1142,1
47,1143,0
47,1144,0
47,1145,0
47,1146,0
47,1147,0
47,1148,0
47,1149,0
47,1150,0
47,1151,0
47,1152,0
47,1153,1
47,1154,0
47,1155,0
47,1156,0
47,1157,0
47,1158,0
47,1159,0
47,1160,0
47,1161,0
47,1162,0
47,1163,0
47,1164,0
47,1165,0
47,1166,0
47,1167,0
47,1168,0
47,1169,0
47,1170,0
47,1171,0
47,1172,0
47,1173,0
47,1174,0
47,1175,0
47,1176,0
47,1177,0
47,1178,0
47,1179,0
47,1180,0
47,1181,0
47,1182,0
47,1183,0
47,1184,0
47,1185,0
47,1186,0
47,1187,1
47,1188,0
47,1189,0
47,1190,0
47,1191,0
47,1192,1
47,1193,0
47,1194,0
47,1195,0
47,1196,0
47,1197,0
47,1198,0
47,1199,0
48,1000,0
48,1001,1
48,1002,0
48,1003,0
48,1004,0
48,1005,0
48,1006,0
48,1007,0
48,1008,0
48,1009,0
48,1010,0
48,1011,1
48,1012,1
48,1013,0
48,1014,0
48,1015,0
48,1016,0
48,1017,0
48,1018,0
48,1019,1
48,1020,0
48,1021,0
48,1022,0
48,1023,0
48,1024,0
48,1025,0
48,1026,0
48,1027,0
48,1028,0
48,1029,0
48,1030,0
48,1031,0
48,1032,0
48,1033,1
48,1034,0
48,1035,0
48,1036,0
48,1037,0
48,1038,0
48,1039,0
48,1040,0
48,1041,0
48,1042,0
48,1043,1
48,1044,1
48,1045,0
48,1046,0
48,1047,0
48,1048,0
48,1049,0
48,1050,1
48,1051,0
48,1052,1
48,1053,1
48,1054,0
48,1055,1
48,1056,0
48,1057,0
48,1058,0
48,1059,0
48,1060,0
48,1061,0
48,1062,1
48,1063,0
48,1064,0
48,1065,0
48,1066,0
48,1067,1
48,1068,0
48,1069,1
48,1070,0
48,1071,0
48,1072,0
48,1073,1
48,1074,0
48,1075,0
48,1076,0
48,1077,0
48,1078,0
48,1079,0
48,1080,1
48,1081,0
48,1082,0
48,1083,0
48,1084,0
48,1085,0
48,1086,0
48,1087,0
48,1088,1
48,1089,0
48,1090,0
48,1091,0
48,1092,0
48,1093,0
48,1094,0
48,1095,0
48,1096,0
48,1097,0
48,1098,0
48,1099,0
48,1100,0
48,1101,0
48,1102,0
48,1103,0
48,1104,1
48,1105,0
48,1106,0
48,1107,0
48,1108,0
48,1109,0
48,1110,0
48,1111,0
48,1112,1
48,1113,1
48,1114,0
48,1115,1
48,1116,1
48,1117,0
48,1118,0
48,1119,0
48,1120,1
48,1121,1
48,1122,0
48,1123,0
48,1124,0
48,1125,0
48,1126,1
48,1127,1
48,1128,0
48,1129,0
48,1130,0
48,1131,0
48,1132,0
48,1133,0
48,1134,1
48,1135,0
48,1136,0
48,1137,0
48,1138,0
48,1139,1
48,1140,1
48,1141,0
48,1142,0
48,1143,0
48,1144,0
48,1145,0
48,1146,0
48,1147,0
48,1148,0
48,1149,0
48,1150,1
48,1151,0
48,1152,0
48,1153,0
48,1154,0
48,1155,0
48,1156,0
48,1157,0
48,1158,0
48,1159,0
48,1160,0
48,1161,0
48,1162,0
48,1163,0
48,1164,0
48,1165,1
48,1166,0
48,1167,0
48,1168,0
48,1169,1
48,1170,0
48,1171,0
48,1172,0
48,1173,0
48,1174,0
48,1175,0
48,1176,0
48,1177,0
48,1178,1
48,1179,0
48,1180,0
48,1181,0
48,1182,1
48,1183,1
48,1184,0
48,1185,0
48,1186,1
48,1187,0
48,1188,0
48,1189,0
48,1190,0
48,1191,0
48,1192,1
48,1193,0
48,1194,0
48,1195,0
48,1196,0
48,1197,1
48,1198,1
48,1199,0
49,1000,0
49,1001,0
49,1002,0
49,1003,0
49,1004,0
49,1005,0
49,1006,1
49,1007,0
49,1008,0
49,1009,0
49,1010,0
49,1011,0
49,1012,0
49,1013,0
49,1014,1
49,1015,0
49,1016,1
49,1017,0
49,1018,0
49,1019,0
49,1020,0
49,1021,1
49,1022,0
49,1023,0
49,1024,0
49,1025,0
49,1026,1
49,1027,0
49,1028,0
49,1029,0
49,1030,0
49,1031,1
49,1032,0
49,1033,0
49,1034,0
49,1035,0
49,1036,0
49,1037,1
49,1038,0
49,1039,0
49,1040,1
49,1041,0
49,1042,1
49,1043,0
49,1044,0
49,1045,0
49,1046,0
49,1047,0
49,1048,0
49,1049,0
49,1050,0
49,1051,0
49,1052,0
49,1053,0
49,1054,0
49,1055,0
49,1056,1
49,1057,1
49,1058,0
49,1059,1
49,1060,0
49,1061,0
49,1062,0
49,1063,0
49,1064,0
49,1065,0
49,1066,0
49,1067,0
49,1068,1
49,1069,0
49,1070,0
49,1071,1
49,1072,1
49,1073,0
49,1074,0
49,1075,0
49,1076,0
49,1077,0
49,1078,1
49,1079,0
49,1080,0
49,1081,0
49,1082,1
49,1083,1
49,1084,0
49,1085,0
49,1086,0
49,1087,0
49,1088,0
49,1089,0
49,1090,0
49,1091,0
49,1092,0
49,1093,0
49,1094,0
49,1095,0
49,1096,0
49,1097,0
49,1098,0
49,1099,0
49,1100,0
49,1101,0
49,1102,0
49,1103,0
49,1104,0
49,1105,1
49,1106,0
49,1107,0
49,1108,1
49,1109,0
49,1110,0
49,1111,0
49,1112,0
49,1113,0
49,1114,0
49,1115,0
49,1116,0
49,1117,0
49,1118,0
49,1119,0
49,1120,0
49,1121,0
49,1122,1
49,1123,0
49,1124,0
49,1125,0
49,1126,0
49,1127,0
49,1128,0
49,1129,0
49,1130,0
49,1131,1
49,1132,0
49,1133,0
49,1134,0
49,1135,0
49,1136,0
49,1137,0
49,1138,0
49,1139,0
49,1140,0
49,1141,1
49,1142,0
49,1143,1
49,1144,1
49,1145,1
49,1146,0
49,1147,0
49,1148,0
49,1149,1
49,1150,0
49,1151,0
49,1152,0
49,1153,0
49,1154,0
49,1155,0
49,1156,0
49,1157,0
49,1158,0
49,1159,0
49,1160,0
49,1161,0
49,1162,0
49,1163,0
49,1164,0
49,1165,0
49,1166,1
49,1167,0
49,1168,0
49,1169,0
49,1170,0
49,1171,0
49,1172,0
49,1173,1
49,1174,0
49,1175,0
49,1176,0
49,1177,0
49,1178,0
49,1179,0
49,1180,0
49,1181,0
49,1182,0
49,1183,0
49,1184,0
49,1185,0
49,1186,0
49,1187,0
49,1188,0
49,1189,1
49,1190,0
49,1191,0
49,1192,0
49,1193,0
49,1194,1
49,1195,0
49,1196,0
49,1197,0
49,1198,0
49,1199,0
50,1000,0
50,1001,0
50,1002,0
50,1003,0
50,1004,0
50,1005,0
50,1006,0
50,1007,0
50,1008,0
50,1009,1
50,1010,0
50,1011,1
50,1012,0
50,1013,0
50,1014,0
50,1015,0
50,1016,0
50,1017,0
50,1018,0
50,1019,0
50,1020,0
50,1021,0
50,1022,0
50,1023,0
50,1024,0
50,1025,0
50,1026,0
50,1027,0
50,1028,0
50,1029,0
50,1030,0
50,1031,0
50,1032,0
50,1033,0
50,1034,0
50,1035,0
50,1036,0
50,1037,0
50,1038,0
50,1039,0
50,1040,0
50,1041,0
50,1042,0
50,1043,0
50,1044,0
50,1045,0
50,1046,0
50,1047,0
50,1048,0
50,1049,0
50,1050,0
50,1051,1
50,1052,0
50,1053,0
50,1054,0
50,1055,0
50,1056,0
50,1057,0
50,1058,0
50,1059,0
50,1060,0
50,1061,0
50,1062,1
50,1063,0
50,1064,0
50,1065,0
50,1066,0
50,1067,1
50,1068,0
50,1069,0
50,1070,0
50,1071,0
50,1072,0
50,1073,0
50,1074,1
50,1075,0
50,1076,0
50,1077,0
50,1078,0
50,1079,0
50,1080,1
50,1081,0
50,1082,0
50,1083,0
50,1084,0
50,1085,0
50,1086,1
50,1087,0
50,1088,1
50,1089,0
50,1090,0
50,1091,0
50,1092,0
50,1093,0
50,1094,0
50,1095,0
50,1096,0
50,1097,0
50,1098,0
50,1099,0
50,1100,1
50,1101,0
50,1102,0
50,1103,0
50,1104,1
50,1105,0
50,1106,0
50,1107,0
50,1108,0
50,1109,0
50,1110,0
50,1111,0
50,1112,0
50,1113,0
50,1114,0
50,1115,0
50,1116,0
50,1117,0
50,1118,0
50,1119,0
50,1120,0
50,1121,0
50,1122,0
50,1123,0
50,1124,0
50,1125,0
50,1126,1
50,1127,0
50,1128,0
50,1129,0
50,1130,0
50,1131,0
50,1132,0
50,1133,0
50,1134,0
50,1135,0
50,1136,0
50,1137,0
50,1138,0
50,1139,0
50,1140,0
50,1141,0
50,1142,0
50,1143,0
50,1144,0
50,1145,0
50,1146,0
50,1147,0
50,1148,0
50,1149,0
50,1150,1
50,1151,0
50,1152,0
50,1153,0
50,1154,0
50,1155,0
50,1156,0
50,1157,0
50,1158,0
50,1159,0
50,1160,0
50,1161,0
50,1162,0
50,1163,0
50,1164,0
50,1165,0
50,1166,0
50,1167,0
50,1168,1
50,1169,0
50,1170,1
50,1171,0
50,1172,0
50,1173,0
50,1174,0
50,1175,0
50,1176,0
50,1177,0
50,1178,1
50,1179,0
50,1180,0
50,1181,0
50,1182,1
50,1183,1
50,1184,0
50,1185,0
50,1186,0
50,1187,0
50,1188,0
50,1189,0
50,1190,0
50,1191,0
50,1192,0
50,1193,0
50,1194,0
50,1195,0
50,1196,0
50,1197,0
50,1198,0
50,1199,0
